Category Name,CategoryID,Product Name,ProductID,Product Image Url,allImageUrls(5<),Product Url,originalPrice($),salePrice($),Commission Rate,Out of Stock Date,Discount,Click url
Baby & Toddler Toys,100001698,Bath Toys Electric Spray Water Floating Rotation Frog Sprinkler Shower Game For Children Kid Swimming Bathroom Baby Toys,1005003516462608,https://ae01.alicdn.com/kf/H9249f2071d45477eba7845a9157b71f8u/Bath-Toys-Electric-Spray-Water-Floating-Rotation-Frog-Sprinkler-Shower-Game-For-Children-Kid-Swimming-Bathroom.jpg_220x220.jpg,"https://ae04.alicdn.com/kf/H9249f2071d45477eba7845a9157b71f8u.jpg,https://ae04.alicdn.com/kf/H1d3ab25db0b443f8ba69daa4e2b2d208E.jpg,https://ae04.alicdn.com/kf/He428a568630f45478fb0322a3f66e256i.jpg,https://ae04.alicdn.com/kf/H292edb0b320a45458cb9e7d4d797aee3U.jpg,https://ae04.alicdn.com/kf/Hbc2b05a503344d728d85e191e386bd44m.jpg,",https://www.aliexpress.com/item/1005003516462608.html,14.60,7.74,40.00%,,47%,https://s.click.aliexpress.com/e/_AT9Msk
Baby & Toddler Toys,100001698,Bath Toys Baby Water Game Elephant Model Faucet Shower Electric Water Spray Toy For Kids Swimming Bathroom Baby Toys sesquid,1005003516599056,https://ae01.alicdn.com/kf/Hb61c202910f04d458764616d66369b8b8/Bath-Toys-Baby-Water-Game-Elephant-Model-Faucet-Shower-Electric-Water-Spray-Toy-For-Kids-Swimming.jpg_220x220.jpg,"https://ae04.alicdn.com/kf/Hb61c202910f04d458764616d66369b8b8.jpg,https://ae04.alicdn.com/kf/H5789a96da3b54e9ba8031f261ddbf282J.jpg,https://ae04.alicdn.com/kf/H39f69ed104be4c0b978845a2068ac6dcc.jpg,https://ae04.alicdn.com/kf/H80169aada39e46eea91e75025efa7cf5Y.jpg,https://ae04.alicdn.com/kf/H8568f6c808c44f81ac31f235506eab84N.jpg,",https://www.aliexpress.com/item/1005003516599056.html,46.81,24.34,40.00%,,48%,https://s.click.aliexpress.com/e/_A6PaxK
Baby & Toddler Toys,100001698,Bath Toys Pipeline Water Spray Shower Game Elephant Bath Baby Toy for Children Swimming Bathroom Bathing Shower Kids Toy,1005003516532435,https://ae01.alicdn.com/kf/H34fb09f492784e07b6a4084782bc58c6F/Bath-Toys-Pipeline-Water-Spray-Shower-Game-Elephant-Bath-Baby-Toy-for-Children-Swimming-Bathroom-Bathing.jpg_220x220.jpg,"https://ae04.alicdn.com/kf/H34fb09f492784e07b6a4084782bc58c6F.jpg,https://ae04.alicdn.com/kf/H33b587b5fabb4dadbbd7ca6e9d87e695H.jpg,https://ae04.alicdn.com/kf/Hbe410eb444e54aa2af5a41ceb98b683fd.jpg,https://ae04.alicdn.com/kf/He328ca943bf34be19864e1cd3b0f8f66E.jpg,https://ae04.alicdn.com/kf/H1966e4b053d5405e9765529f4dd3d53cD.jpg,",https://www.aliexpress.com/item/1005003516532435.html,28.59,14.87,40.00%,,48%,https://s.click.aliexpress.com/e/_AMxHiy
Baby & Toddler Toys,100001698,Wooden Rattle Teether Baby Toys Crochet Beads Baby Teether Baby Nursing Bracelet Rattle Chewable Teething Beads For Kids Gifts,1005003311090581,https://ae01.alicdn.com/kf/Hc44177a8fbf9497fa5da6f68ae1212909/Wooden-Rattle-Teether-Baby-Toys-Crochet-Beads-Baby-Teether-Baby-Nursing-Bracelet-Rattle-Chewable-Teething-Beads.jpg_220x220.jpg,"https://ae04.alicdn.com/kf/Hc44177a8fbf9497fa5da6f68ae1212909.jpg,https://ae04.alicdn.com/kf/Ha33812139405428397398fd885cbe62fq.jpg,https://ae04.alicdn.com/kf/H5cfea193c3324893b27189f70e64d3443.jpg,https://ae04.alicdn.com/kf/Hb68033f474934383822024f0e06c3ed3H.jpg,https://ae04.alicdn.com/kf/H952c92f4556742d196d3574baff2513eD.jpg,",https://www.aliexpress.com/item/1005003311090581.html,3.74,0.01,8.00%,,99%,https://s.click.aliexpress.com/e/_98o728
Baby & Toddler Toys,100001698,Color Wooden Rattles Toys 0-12 Months Baby Hearing Training Game Early Educational Toys Infant Toddler HandBag Toy Newborn Gifts,1005003399874922,https://ae01.alicdn.com/kf/H2c0c262f4bba4432ad058a4b6aed0353w/Color-Wooden-Rattles-Toys-0-12-Months-Baby-Hearing-Training-Game-Early-Educational-Toys-Infant-Toddler.jpg_220x220.jpg,"https://ae04.alicdn.com/kf/H2c0c262f4bba4432ad058a4b6aed0353w.jpg,https://ae04.alicdn.com/kf/Hb78b22b416ff4be0b97a4ec0f6d2e75fX.jpg,https://ae04.alicdn.com/kf/H3603f6e497274907ba3410552e2c91b2k.jpg,https://ae04.alicdn.com/kf/Hbf11d0e9e09f4587b188a1547cd1b212c.jpg,https://ae04.alicdn.com/kf/H27fa6d93225049a390b2d5c22e18c31dw.jpg,",https://www.aliexpress.com/item/1005003399874922.html,4.99,3.49,10.00%,,30%,https://s.click.aliexpress.com/e/_9japHw
Baby & Toddler Toys,100001698,2022 Bathroom Toys Pipeline Water Spray Shower Game Bird Mushroom Toy for Children Swimming Bathroom Bathing Kids Toy gift,1005003516645723,https://ae01.alicdn.com/kf/H86dcf1f6c80c4ba7bbcd976d62a3cf52d/2022-Bathroom-Toys-Pipeline-Water-Spray-Shower-Game-Bird-Mushroom-Toy-for-Children-Swimming-Bathroom-Bathing.jpg_220x220.jpg,"https://ae04.alicdn.com/kf/H86dcf1f6c80c4ba7bbcd976d62a3cf52d.jpg,https://ae04.alicdn.com/kf/H29bec349776a41728c8248877fbdb143g.jpg,https://ae04.alicdn.com/kf/H5726832535af4df0b624e0fb73d118baI.jpg,https://ae04.alicdn.com/kf/H90e523c02b884f12b873cd28922efc2du.jpg,https://ae04.alicdn.com/kf/H15325f040bed4d4aaf86399f73dc82ccS.jpg,",https://www.aliexpress.com/item/1005003516645723.html,45.54,23.68,40.00%,,48%,https://s.click.aliexpress.com/e/_Am61dE
Baby & Toddler Toys,100001698,Hot Plush Toy BB Bell Newborn Mobile Rabbit Teether Appease Paper Rubber Rings Cartoon Bird Baby Bed Stroller Hanging Rattles,1005001628200076,https://ae01.alicdn.com/kf/Hc1b412f7c83842adb316e49e5a07af2d6/Hot-Plush-Toy-BB-Bell-Newborn-Mobile-Rabbit-Teether-Appease-Paper-Rubber-Rings-Cartoon-Bird-Baby.jpg_220x220.jpg,"https://ae04.alicdn.com/kf/Hc1b412f7c83842adb316e49e5a07af2d6.jpg,https://ae04.alicdn.com/kf/Hf6c438c725bf40aeb329189aeff961718.jpg,https://ae04.alicdn.com/kf/H2b5c1a625118478bbecbdbc7fdb45743p.jpg,https://ae04.alicdn.com/kf/H6732eab8d9894e66b2c1688483459edde.jpg,https://ae04.alicdn.com/kf/H5981c66e0ffe46319a5452a9276e043aT.jpg,",https://www.aliexpress.com/item/1005001628200076.html,21.01,14.29,8.00%,,32%,https://s.click.aliexpress.com/e/_ASz2gG
Baby & Toddler Toys,100001698,9pcs Baby'S First Rattle And Teether Toy Early Education Learning Toys For Kids With Giant Milk Bottle Grasp Colorful Toy,1005003516534488,https://ae01.alicdn.com/kf/H74bbfbb524044327bc88eb7c8008dea9Q/9pcs-Baby-S-First-Rattle-And-Teether-Toy-Early-Education-Learning-Toys-For-Kids-With-Giant.jpg_220x220.jpg,"https://ae04.alicdn.com/kf/H74bbfbb524044327bc88eb7c8008dea9Q.jpg,https://ae04.alicdn.com/kf/H3a2f746cddfd444bb734a706c4ebdb30b.jpg,https://ae04.alicdn.com/kf/H1d16b21e7d3a44f59df02410cc4e70124.jpg,https://ae04.alicdn.com/kf/H4bef2813ec1a4f8ba7b8dbc68c05d8f3b.jpg,https://ae04.alicdn.com/kf/H26382a507bf64f3aa1d4785d3c45c77bu.jpg,",https://www.aliexpress.com/item/1005003516534488.html,41.46,21.56,40.00%,,48%,https://s.click.aliexpress.com/e/_97U9Gs
Baby & Toddler Toys,100001698,Baby Silicone Hand Rattle Teething Toys Newborn Bpa Free Amigurumi For Baby Cot Hanging Mobile Gym Educational  Toy,1005003484431731,https://ae01.alicdn.com/kf/H7b5d15001fe44824b73cb60ceccf4d04V/Baby-Silicone-Hand-Rattle-Teething-Toys-Newborn-Bpa-Free-Amigurumi-For-Baby-Cot-Hanging-Mobile-Gym.jpg_220x220.jpg,"https://ae04.alicdn.com/kf/H7b5d15001fe44824b73cb60ceccf4d04V.jpg,https://ae04.alicdn.com/kf/H25f9e46c6ee8439a93363cfc7850be5dn.jpg,https://ae04.alicdn.com/kf/Hae1ec1ceaf794474a0bb6e2ca4a09bbcz.jpg,https://ae04.alicdn.com/kf/H4857619bc61b4005a809df427b69ad874.jpg,https://ae04.alicdn.com/kf/Hc00c0be665f1421c8b6ec073aeff1713B.jpg,",https://www.aliexpress.com/item/1005003484431731.html,6.84,4.79,10.00%,,30%,https://s.click.aliexpress.com/e/_9RJPSc
Baby & Toddler Toys,100001698,Bath Toys Spray Water Light Rotate With Shower Toy Pool Kids Toys For Children Toddler Swimming Toy Bathroom Play Ball Toy,1005003516506589,https://ae01.alicdn.com/kf/Hb3776003d30a4a558e76cb2bf6c43dd7D/Bath-Toys-Spray-Water-Light-Rotate-With-Shower-Toy-Pool-Kids-Toys-For-Children-Toddler-Swimming.jpg_220x220.jpg,"https://ae04.alicdn.com/kf/Hb3776003d30a4a558e76cb2bf6c43dd7D.jpg,https://ae04.alicdn.com/kf/Hbb646ce44b374c978743dff24692486f5.jpg,https://ae04.alicdn.com/kf/H9c338650bbf94c04bf4ef9388960941fU.jpg,https://ae04.alicdn.com/kf/H1cba81166d1a4c5b849c00ea9e29fe1do.jpg,https://ae04.alicdn.com/kf/H802ab58a307b4bec818d2f44ea9c74e22.jpg,",https://www.aliexpress.com/item/1005003516506589.html,20.81,10.82,40.00%,,48%,https://s.click.aliexpress.com/e/_ACZeB2
Baby & Toddler Toys,100001698,mamimami Make Rainbow Baby Stacking Toys Education Blocks Block Cute Montessori Creative Blocks BPA Free Food Grade Silicone Toy,1005002381092329,https://ae01.alicdn.com/kf/H747dfe74286342c0a2deb9d04df51f03f/mamimami-Make-Rainbow-Baby-Stacking-Toys-Education-Blocks-Block-Cute-Montessori-Creative-Blocks-BPA-Free-Food.jpg_220x220.jpg,"https://ae04.alicdn.com/kf/H747dfe74286342c0a2deb9d04df51f03f.jpg,https://ae04.alicdn.com/kf/H4ad8841410b046b499698772d56dbf9fj.jpg,https://ae04.alicdn.com/kf/H79cc95368ef04a88826122e5e12e71ce1.jpg,https://ae04.alicdn.com/kf/Hf1186e31268541f199f9994dc7b945571.jpg,https://ae04.alicdn.com/kf/H77845fef56df488aa113236c98d42731f.jpg,",https://www.aliexpress.com/item/1005002381092329.html,10.80,7.56,8.00%,,30%,https://s.click.aliexpress.com/e/_AL1Af2
Baby & Toddler Toys,100001698,Baby Rattles Crib Mobiles Toy Holder Rotating Mobile Bed Bell Musical Box Projection 0-12 Months Newborn Infant Baby Boy Toys,1005003515899083,https://ae01.alicdn.com/kf/H22696fc73da34c829ddd5e91457438e02/Baby-Rattles-Crib-Mobiles-Toy-Holder-Rotating-Mobile-Bed-Bell-Musical-Box-Projection-0-12-Months.jpg_220x220.jpg,"https://ae04.alicdn.com/kf/H22696fc73da34c829ddd5e91457438e02.jpg,https://ae04.alicdn.com/kf/Hc9722205955c42dfa0fad7f5cd317121H.jpg,https://ae04.alicdn.com/kf/Hf4216af5f24d4bc3b3c94aa0c0559353Q.jpg,https://ae04.alicdn.com/kf/H6660cc33cd40461c9c0ae9c015119fedS.jpg,https://ae04.alicdn.com/kf/Hb33021338fd9440996013a1d952bd8cdL.jpg,",https://www.aliexpress.com/item/1005003515899083.html,47.13,24.98,40.00%,,47%,https://s.click.aliexpress.com/e/_AfG0My
Baby & Toddler Toys,100001698,New Education Cute Crib Cot Pram Hanging Rattles For Baby Stroller&Car Seat Ringing Stuffed Plush Animals Baby Toy,1005002220931069,https://ae01.alicdn.com/kf/Hed7bc951620643a7b86b05cb5b77c5a9j/New-Education-Cute-Crib-Cot-Pram-Hanging-Rattles-For-Baby-Stroller-Car-Seat-Ringing-Stuffed-Plush.jpg_220x220.jpg,"https://ae04.alicdn.com/kf/Hed7bc951620643a7b86b05cb5b77c5a9j.jpg,https://ae04.alicdn.com/kf/Hcf73fcaf39594a18bb9c2da6d3ee7502p.jpg,https://ae04.alicdn.com/kf/H3758a502936f440980bd234eeed79d77f.jpg,https://ae04.alicdn.com/kf/Hfc00eb43ea2943b18b1241c8625237d2c.jpg,https://ae04.alicdn.com/kf/H08cd3eb65a5b4d6a8e82392695ba81cfD.jpg,",https://www.aliexpress.com/item/1005002220931069.html,10.70,7.49,9.00%,,30%,https://s.click.aliexpress.com/e/_AKHh2y
Baby & Toddler Toys,100001698,2021Baby Bath Toy electric dinosaur bubble machine children kids Pool Swimming Bathtub Cartoon Shape playing water toys for gift,1005003516658565,https://ae01.alicdn.com/kf/H2f164028ed664b7caa06ebac0dce4891n/2021Baby-Bath-Toy-electric-dinosaur-bubble-machine-children-kids-Pool-Swimming-Bathtub-Cartoon-Shape-playing-water.jpg_220x220.jpg,"https://ae04.alicdn.com/kf/H2f164028ed664b7caa06ebac0dce4891n.jpg,https://ae04.alicdn.com/kf/Hdf27b4db81834f028e1b224e5b50ab864.jpg,https://ae04.alicdn.com/kf/Had023ada73054dd694df49925ec118dc2.jpg,https://ae04.alicdn.com/kf/Hf2032843dc864ab2b87b1e773f24bd2eF.jpg,https://ae04.alicdn.com/kf/H35c0b73ad9d048ee8611d4f3308fd01c4.jpg,",https://www.aliexpress.com/item/1005003516658565.html,46.37,24.11,40.00%,,48%,https://s.click.aliexpress.com/e/_A1XrIk
Baby & Toddler Toys,100001698,1Pcs Baby Wooden Rattle Beech Bear Hand Teething Wooden Ring Baby Rattles Play Gym Montessori Stroller Toy Educational Toys,1005003478513157,https://ae01.alicdn.com/kf/H56bad6d2974948198f28903cec86a8389/1Pcs-Baby-Wooden-Rattle-Beech-Bear-Hand-Teething-Wooden-Ring-Baby-Rattles-Play-Gym-Montessori-Stroller.jpg_220x220.jpg,"https://ae04.alicdn.com/kf/H56bad6d2974948198f28903cec86a8389.jpg,https://ae04.alicdn.com/kf/H7f3dc6b1729e47bfacd25fce303b7db2j.jpg,https://ae04.alicdn.com/kf/H02035680547549f7883b5b860e7630aft.jpg,https://ae04.alicdn.com/kf/H378b8208a5634bc4828a2f6484c1e9699.jpg,https://ae04.alicdn.com/kf/Hc99590b363174c6b9debbe22bd8bed246.jpg,",https://www.aliexpress.com/item/1005003478513157.html,3.99,2.79,10.00%,,30%,https://s.click.aliexpress.com/e/_9J7hvE
Baby & Toddler Toys,100001698,1/4 PcBaby Decompression Toy Silicone Rainbow Ball  Children Finger Squeeze Toy 3D Elastic Ball  Kid Stress Relief Sensory Toys,1005003467031092,https://ae01.alicdn.com/kf/H63c74613f0f74757afe468616bfcc4e5C/1-4-PcBaby-Decompression-Toy-Silicone-Rainbow-Ball-Children-Finger-Squeeze-Toy-3D-Elastic-Ball-Kid.jpg_220x220.jpg,"https://ae04.alicdn.com/kf/H63c74613f0f74757afe468616bfcc4e5C.jpg,https://ae04.alicdn.com/kf/H8e38a2a155764c838ecc8ab07a21a520k.jpg,https://ae04.alicdn.com/kf/H60259b9f2a90490599244bcd93393452M.jpg,https://ae04.alicdn.com/kf/H56d2063f51ee41dba129fcebdc8c04c5c.jpg,https://ae04.alicdn.com/kf/Ha71d2a10e9594b7f9da273c86b1fceafX.jpg,",https://www.aliexpress.com/item/1005003467031092.html,6.40,4.48,10.00%,,30%,https://s.click.aliexpress.com/e/_9iq4tW
Baby & Toddler Toys,100001698,Baby Teether Music Rattles Crochet Animals Rattle Toy BPA Free Wood Rodent Rattle Baby Mobile Gym Toy Montessori Children's Toy,1005003511202522,https://ae01.alicdn.com/kf/H41afc245327347168fa1c4ec5e81f89ax/Baby-Teether-Music-Rattles-Crochet-Animals-Rattle-Toy-BPA-Free-Wood-Rodent-Rattle-Baby-Mobile-Gym.jpg_220x220.jpg,"https://ae04.alicdn.com/kf/H41afc245327347168fa1c4ec5e81f89ax.jpg,https://ae04.alicdn.com/kf/H515efe4605694940be8772d9accbcbc2D.jpg,https://ae04.alicdn.com/kf/H401d7ea0063f46bd80cb77075fd1cc484.jpg,https://ae04.alicdn.com/kf/H0605aa7f1d824b32b261d48854eff1e88.jpg,https://ae04.alicdn.com/kf/H818c67b4162f4d4f9ddb3438048f5b2do.jpg,",https://www.aliexpress.com/item/1005003511202522.html,15.49,10.84,10.00%,,30%,https://s.click.aliexpress.com/e/_AqkpnA
Baby & Toddler Toys,100001698,Baby Bath Toy Shower Water Spraying Tool Elephant Electric Faucet Bathroom Bathtub Children Play Game Bathing Toys for 12 months,1005003516473549,https://ae01.alicdn.com/kf/H2a5a9a1dd2a247bca251f1221201aebdU/Baby-Bath-Toy-Shower-Water-Spraying-Tool-Elephant-Electric-Faucet-Bathroom-Bathtub-Children-Play-Game-Bathing.jpg_220x220.jpg,"https://ae04.alicdn.com/kf/H2a5a9a1dd2a247bca251f1221201aebdU.jpg,https://ae04.alicdn.com/kf/Hceca914ae2d9483ca5f33191eb9e3e2eA.jpeg,https://ae04.alicdn.com/kf/H193df23bcea3439298f5e1eadfc075543.jpeg,https://ae04.alicdn.com/kf/H288baecbca3c4c2bbebb798d3a47cea19.jpeg,https://ae04.alicdn.com/kf/H380b298811a84db5b25a7aeee3d6761cg.jpg,",https://www.aliexpress.com/item/1005003516473549.html,37.01,19.62,40.00%,,47%,https://s.click.aliexpress.com/e/_ABuwPw
Baby & Toddler Toys,100001698,Baby Stroller Toys Cute Fruit Mobile Bed Crib Car Hanging Stroller Spiral Plush Appease Doll Teether Developmental Rattles Toy,1005003516447693,https://ae01.alicdn.com/kf/H25aa2cdf0e344bc6902e62a9b02f12caJ/Baby-Stroller-Toys-Cute-Fruit-Mobile-Bed-Crib-Car-Hanging-Stroller-Spiral-Plush-Appease-Doll-Teether.jpg_220x220.jpg,"https://ae04.alicdn.com/kf/H25aa2cdf0e344bc6902e62a9b02f12caJ.jpg,https://ae04.alicdn.com/kf/Hdb2b4c292e2a4e7291610e8777dc8ee8l.jpg,https://ae04.alicdn.com/kf/H4e221c7d271643bfb34f689d238e102aX.jpg,https://ae04.alicdn.com/kf/H7ce2ddbaa51c4e9786b65ffc090969c84.jpg,https://ae04.alicdn.com/kf/Hf016a2974ac44d34b834b8846247b804F.jpg,",https://www.aliexpress.com/item/1005003516447693.html,4.46,2.90,40.00%,,35%,https://s.click.aliexpress.com/e/_AMl8lW
Baby & Toddler Toys,100001698,Baby Silicone Hand Rattle Teething Toys Newborn Bpa Free Amigurumi For Baby Cot Hanging Mobile Gym Educational  Toy,1005003540824667,https://ae01.alicdn.com/kf/H04d11f0835c04df291386367a53bdda5x/Baby-Silicone-Hand-Rattle-Teething-Toys-Newborn-Bpa-Free-Amigurumi-For-Baby-Cot-Hanging-Mobile-Gym.jpg_220x220.jpg,"https://ae04.alicdn.com/kf/H04d11f0835c04df291386367a53bdda5x.jpg,https://ae04.alicdn.com/kf/H493f504eedfe45aebdd27cd44382d0a4x.jpg,https://ae04.alicdn.com/kf/H445e914559d643b69db35119b53f8143A.jpg,https://ae04.alicdn.com/kf/H30e90c573cfe4d6f8ba64e3cb78d2984i.jpg,https://ae04.alicdn.com/kf/Hb941bd86d35d4e6b8062f2f7ee79f994C.jpg,",https://www.aliexpress.com/item/1005003540824667.html,6.84,6.84,10.00%,,0%,https://s.click.aliexpress.com/e/_Ag0Nv2
Baby & Toddler Toys,100001698,Baby Bath Toys for Kids Spray Water Bath Toys Electric Duck Baby Shower Water Toys Ball Bathroom Baby Toy Bathtub Toys Water Toy,1005003515683492,https://ae01.alicdn.com/kf/H0e43a72d538847108967d920d36d7260V/Baby-Bath-Toys-for-Kids-Spray-Water-Bath-Toys-Electric-Duck-Baby-Shower-Water-Toys-Ball.jpg_220x220.jpg,"https://ae04.alicdn.com/kf/H0e43a72d538847108967d920d36d7260V.jpg,https://ae04.alicdn.com/kf/H2f6acce879bb4fa1880fe6bfb82dbbc8R.jpg,https://ae04.alicdn.com/kf/H92dc1c96b33e49fbbbc4b79c0d113ff4y.jpg,https://ae04.alicdn.com/kf/Hbcdfb72c82214abd8667ded3396337c65.jpg,https://ae04.alicdn.com/kf/Hbc391bdb37784000a4f07c3fca616daew.jpg,",https://www.aliexpress.com/item/1005003515683492.html,16.58,8.79,40.00%,,47%,https://s.click.aliexpress.com/e/_9vBuyG
Baby & Toddler Toys,100001698,3 PCS Crochet Bunny Baby Teether Rattle Safe Beech Wooden Teether Ring Pacifier Clip Set Newborn Mobile Gym Educational Toy,1005003511800312,https://ae01.alicdn.com/kf/H51a2e9af04dc45feb6ede899ce8222cfw/3-PCS-Crochet-Bunny-Baby-Teether-Rattle-Safe-Beech-Wooden-Teether-Ring-Pacifier-Clip-Set-Newborn.jpg_220x220.jpg,"https://ae04.alicdn.com/kf/H51a2e9af04dc45feb6ede899ce8222cfw.jpg,https://ae04.alicdn.com/kf/Hbac355876a9e449cab71d88c3b15cccaA.jpg,https://ae04.alicdn.com/kf/H9a5c19f44c234a409426cb71f741e73ap.jpg,https://ae04.alicdn.com/kf/H391b16feff2d42cca1b894b3ec8bbf6bU.jpg,https://ae04.alicdn.com/kf/Hb320d6e08bd54f909a2eae7aedd230a4H.jpg,",https://www.aliexpress.com/item/1005003511800312.html,11.47,8.03,10.00%,,30%,https://s.click.aliexpress.com/e/_AnK660
Baby & Toddler Toys,100001698,Baby Bath Toy Shower Water Spraying Tool Elephant Electric Faucet Bathroom Bathtub Children Play Game Bathing Toys for 12 months,1005003522210906,https://ae01.alicdn.com/kf/H2a5a9a1dd2a247bca251f1221201aebdU/Baby-Bath-Toy-Shower-Water-Spraying-Tool-Elephant-Electric-Faucet-Bathroom-Bathtub-Children-Play-Game-Bathing.jpg_220x220.jpg,"https://ae04.alicdn.com/kf/H2a5a9a1dd2a247bca251f1221201aebdU.jpg,https://ae04.alicdn.com/kf/Hceca914ae2d9483ca5f33191eb9e3e2eA.jpeg,https://ae04.alicdn.com/kf/H193df23bcea3439298f5e1eadfc075543.jpeg,https://ae04.alicdn.com/kf/H288baecbca3c4c2bbebb798d3a47cea19.jpeg,https://ae04.alicdn.com/kf/H380b298811a84db5b25a7aeee3d6761cg.jpg,",https://www.aliexpress.com/item/1005003522210906.html,37.01,19.25,40.00%,,48%,https://s.click.aliexpress.com/e/_9RD5w8
Baby & Toddler Toys,100001698,1 Pc Handmade Baby Crochet Rattle Toys Cute Animals Elephant Lion Fox Music Rattles Infant Rattle Soother Ring Teether Toys Gift,1005003511191779,https://ae01.alicdn.com/kf/H203cfd04b6fc4c10aeecb5a930252910y/1-Pc-Handmade-Baby-Crochet-Rattle-Toys-Cute-Animals-Elephant-Lion-Fox-Music-Rattles-Infant-Rattle.jpg_220x220.jpg,"https://ae04.alicdn.com/kf/H203cfd04b6fc4c10aeecb5a930252910y.jpg,https://ae04.alicdn.com/kf/Hff1342943f6e462495ac3845ce6a88fdK.jpg,https://ae04.alicdn.com/kf/H401d7ea0063f46bd80cb77075fd1cc484.jpg,https://ae04.alicdn.com/kf/H8306a906bd2a4acebf652ec37e76d8d5N.jpg,https://ae04.alicdn.com/kf/H818c67b4162f4d4f9ddb3438048f5b2do.jpg,",https://www.aliexpress.com/item/1005003511191779.html,13.28,9.30,10.00%,,30%,https://s.click.aliexpress.com/e/_A5MBYs
Baby & Toddler Toys,100001698,1PCS Baby Silicone Rattle Koala Toy Baby Teether Play Gym Montessori Food Grade Stroller Bed Bell Soother Educational Baby Items,1005003479160819,https://ae01.alicdn.com/kf/He4231b4ca1084ee497442e6314eaa7f7c/1PCS-Baby-Silicone-Rattle-Koala-Toy-Baby-Teether-Play-Gym-Montessori-Food-Grade-Stroller-Bed-Bell.jpg_220x220.jpg,"https://ae04.alicdn.com/kf/He4231b4ca1084ee497442e6314eaa7f7c.jpg,https://ae04.alicdn.com/kf/H379f4bb38b7f4652a97581faaea46131A.jpg,https://ae04.alicdn.com/kf/Ha04b1471794a43c0a4c71a7fdea663b7Q.jpg,https://ae04.alicdn.com/kf/H100b4faaa97c4ad3b88f35bf369001bdw.jpg,https://ae04.alicdn.com/kf/H7e673a35126e45f7a4e2a85ebdba942eU.jpg,",https://www.aliexpress.com/item/1005003479160819.html,6.99,4.89,25.00%,,30%,https://s.click.aliexpress.com/e/_AZAJqc
Baby & Toddler Toys,100001698,AY Tesco 3Pcs/Set Baby Rattles Wooden Beads Pendant Crib Mobile Baby Toys Bed Hanging Decor Handmade Stroller Accessories,1005003516150074,https://ae01.alicdn.com/kf/Hd150d98140b3425f9d2a7fac2ba5fbccI/AY-Tesco-3Pcs-Set-Baby-Rattles-Wooden-Beads-Pendant-Crib-Mobile-Baby-Toys-Bed-Hanging-Decor.jpg_220x220.jpg,"https://ae04.alicdn.com/kf/Hd150d98140b3425f9d2a7fac2ba5fbccI.jpg,https://ae04.alicdn.com/kf/H9071ab1098c44be4b0f30becbb5ef0a4G.jpg,https://ae04.alicdn.com/kf/H8c8083ffcbb4432ab7acafdbd2ecd602p.jpg,https://ae04.alicdn.com/kf/Hf0471d66ebc845e197c3c89f4d01f7d8z.jpg,https://ae04.alicdn.com/kf/Hf2d886e3720f412c802a25a2de1dba84S.jpg,",https://www.aliexpress.com/item/1005003516150074.html,48.30,24.63,40.00%,,49%,https://s.click.aliexpress.com/e/_Al4WE0
Baby & Toddler Toys,100001698,1PCS Baby Mobile Crib Bed Bell Toy Windup Movement Music Box Machine Nursery Decorationbaby Toys  0-12 Months,1005003479006333,https://ae01.alicdn.com/kf/Ha071329bc8c44d40898381c1c69b0375F/1PCS-Baby-Mobile-Crib-Bed-Bell-Toy-Windup-Movement-Music-Box-Machine-Nursery-Decorationbaby-Toys-0.jpg_220x220.jpg,"https://ae04.alicdn.com/kf/Ha071329bc8c44d40898381c1c69b0375F.jpg,https://ae04.alicdn.com/kf/H5a80b0e6177b4667965fd35b3d57fcc4q.jpg,https://ae04.alicdn.com/kf/H86a60211828b42c09ba69a1bbfc2318bG.jpg,https://ae04.alicdn.com/kf/H7425e5c05b8d46da945cb6c68097feeah.jpg,https://ae04.alicdn.com/kf/H448b294764304ebc94859dfe7ad5dccbj.jpg,",https://www.aliexpress.com/item/1005003479006333.html,7.13,4.99,10.00%,,30%,https://s.click.aliexpress.com/e/_AfESQY
Baby & Toddler Toys,100001698,3 PCS Wooden Animal Rattle Toy BPA Free Wood Ring Baby Teething Teether Toys Musical Montessori Rattles Newborn Educational Toy,1005003546502210,https://ae01.alicdn.com/kf/Hfed85f53d03a4692bd59c0c8f76f2975n/3-PCS-Wooden-Animal-Rattle-Toy-BPA-Free-Wood-Ring-Baby-Teething-Teether-Toys-Musical-Montessori.jpg_220x220.jpg,"https://ae04.alicdn.com/kf/Hfed85f53d03a4692bd59c0c8f76f2975n.jpg,https://ae04.alicdn.com/kf/H0bf46abac4894566be430ad348b2fe4ds.jpg,https://ae04.alicdn.com/kf/H0b3dc388e8354720be4774aa35f89cc7o.jpg,https://ae04.alicdn.com/kf/H742386b0f9704a369ad1a637d8c4cd67N.jpg,https://ae04.alicdn.com/kf/H8e2d7ab188a945a190586f015d505775H.jpg,",https://www.aliexpress.com/item/1005003546502210.html,15.15,15.15,10.00%,,0%,https://s.click.aliexpress.com/e/_ABmzbW
Baby & Toddler Toys,100001698,Animal Hand Finger Puppet Plushed Doll Educational Baby Toys Fox Bear Shark Simulator Soft Stuffed Toys Anime Doll Game For Girl,1005003516518267,https://ae01.alicdn.com/kf/H7cd58ca118564db6a427036a40a656947/Animal-Hand-Finger-Puppet-Plushed-Doll-Educational-Baby-Toys-Fox-Bear-Shark-Simulator-Soft-Stuffed-Toys.jpg_220x220.jpg,"https://ae04.alicdn.com/kf/H7cd58ca118564db6a427036a40a656947.jpg,https://ae04.alicdn.com/kf/He404653dba88415cb6bcc6e1409e63559.jpg,https://ae04.alicdn.com/kf/H93e1728e154f4d998e0f8208c666c935o.jpg,https://ae04.alicdn.com/kf/H91e53098d9ae42e79769638a1d7ed1e7G.jpg,https://ae04.alicdn.com/kf/Ha2fb5927760f4d6aa445db7c13d49f8dD.jpg,",https://www.aliexpress.com/item/1005003516518267.html,10.47,5.55,40.00%,,47%,https://s.click.aliexpress.com/e/_AZcvJA
Baby & Toddler Toys,100001698,Non-Toxic Foldable Baby Play Mat Educational Children's Carpet in the Nursery Climbing Pad Kids Rug Activitys Games Toys 180*100,1005002837546308,https://ae01.alicdn.com/kf/Ha4d2e5bf550c40719649afb9902d6567N/Non-Toxic-Foldable-Baby-Play-Mat-Educational-Children-s-Carpet-in-the-Nursery-Climbing-Pad-Kids.jpg_220x220.jpg,"https://ae04.alicdn.com/kf/Ha4d2e5bf550c40719649afb9902d6567N.jpg,https://ae04.alicdn.com/kf/He9a64f6151774bfe889ecf8e3eb89247N.jpg,https://ae04.alicdn.com/kf/Hb53758cdb5054babbb51d7b4bb49e27cd.jpg,https://ae04.alicdn.com/kf/Hee32b3d14b744d1d8de1cd6bdb18eb16D.jpg,https://ae04.alicdn.com/kf/H214fcd786dfd4777a072b275c3dc89fdj.jpg,",https://www.aliexpress.com/item/1005002837546308.html,31.26,19.69,8.50%,,37%,https://s.click.aliexpress.com/e/_9urfrO
Baby & Toddler Toys,100001698,Let's Make Baby Toys Teether Wooden Rattles Bracelet Pacifier Chain Rodent Beading Beech Musical Newborn Bear 2pcs/set Bed Bell,4000219558374,https://ae01.alicdn.com/kf/H27531e7a2cdb46eb95448e8b0378fb90n/Let-s-Make-Baby-Toys-Teether-Wooden-Rattles-Bracelet-Pacifier-Chain-Rodent-Beading-Beech-Musical-Newborn.jpg_220x220.jpg,"https://ae04.alicdn.com/kf/H27531e7a2cdb46eb95448e8b0378fb90n.jpg,https://ae04.alicdn.com/kf/Hc520afe362794f8387f05d9b9d947ef7P.jpg,https://ae04.alicdn.com/kf/Hf52c44deef4046acbde19f2c48cef007k.jpg,https://ae04.alicdn.com/kf/H624efbc3ad0f4347b1c67fd7d12f59b96.jpg,https://ae04.alicdn.com/kf/H46920501e27249d88bc893cb4fb0e529U.png,",https://www.aliexpress.com/item/4000219558374.html,3.39,0.01,15.00%,,99%,https://s.click.aliexpress.com/e/_A4gEkc
Baby & Toddler Toys,100001698,Baby Mobile Rattles Toys 0-12 Months for Baby Newborn Crib Bed Bell Oyuncak Toddler Rattles Carousel for Cots Kids Handmade Toy,1005003516104171,https://ae01.alicdn.com/kf/H0d72ff3050134388959064d3923c5a55p/Baby-Mobile-Rattles-Toys-0-12-Months-for-Baby-Newborn-Crib-Bed-Bell-Oyuncak-Toddler-Rattles.jpg_220x220.jpg,"https://ae04.alicdn.com/kf/H0d72ff3050134388959064d3923c5a55p.jpg,https://ae04.alicdn.com/kf/Hf82ba36ac28e4c709704ea9fd91db053R.jpg,https://ae04.alicdn.com/kf/H9127aa64e4ee4f9a86f3e00f3f319361A.jpg,https://ae04.alicdn.com/kf/H625e560a8043439ea9e3098653ae6bc94.jpg,https://ae04.alicdn.com/kf/H78151205dc3b4cdeacd6ea3c26f65d90p.jpg,",https://www.aliexpress.com/item/1005003516104171.html,48.97,24.97,40.00%,,49%,https://s.click.aliexpress.com/e/_9hWEio
Baby & Toddler Toys,100001698,Dropshipping 1PC Bathing Toy Cartoon Bath Time Model Whale/Dolphin Electric Fountain Toy,1005003239343535,https://ae01.alicdn.com/kf/Hf19caa98f84e4646a4b3e8c8ad41b098h/Dropshipping-1PC-Bathing-Toy-Cartoon-Bath-Time-Model-Whale-Dolphin-Electric-Fountain-Toy.jpg_220x220.jpg,"https://ae04.alicdn.com/kf/Hf19caa98f84e4646a4b3e8c8ad41b098h.jpg,https://ae04.alicdn.com/kf/H212640f4b2774822b672637fd85ed671w.jpg,https://ae04.alicdn.com/kf/Hbd51769bd8c547cfa714e38d5bded56bW.jpg,https://ae04.alicdn.com/kf/H884366e51bca4ca089c01b6a0971e0108.jpg,https://ae04.alicdn.com/kf/H5f4cd93a7a4b43a28be222bcbec5cdefs.jpg,",https://www.aliexpress.com/item/1005003239343535.html,18.71,9.17,8.00%,,51%,https://s.click.aliexpress.com/e/_A4ek9A
Baby & Toddler Toys,100001698,Children LED Projector Art Drawing Table Toys Kids Smart Painting Board Desk Arts And Crafts Projection Educational Learning Toy,1005003536629040,https://ae01.alicdn.com/kf/H6a8bee0eb59f4c71a90f172953585ef7y/Children-LED-Projector-Art-Drawing-Table-Toys-Kids-Smart-Painting-Board-Desk-Arts-And-Crafts-Projection.jpg_220x220.jpg,"https://ae04.alicdn.com/kf/H6a8bee0eb59f4c71a90f172953585ef7y.jpg,https://ae04.alicdn.com/kf/H588b3109887a420397f77d0fd414f47c9.jpg,https://ae04.alicdn.com/kf/H920312cdc58b4bb989f142025b7b7851Y.jpg,https://ae04.alicdn.com/kf/Ha40c67410ad34a87ae0be770be19d56bt.jpg,https://ae04.alicdn.com/kf/Hd999f1c3104846eea393cb8873b7be5aw.jpg,",https://www.aliexpress.com/item/1005003536629040.html,46.81,32.77,40.00%,,30%,https://s.click.aliexpress.com/e/_9gwl5w
Baby & Toddler Toys,100001698,Hot Selling Electric Sensing Water Spouting Ball Light Bathing Toys Baby Bathing Water Toys for Gift seиграes в кальмараrers,1005003516458598,https://ae01.alicdn.com/kf/H243c35a9715442eebd8f06dc9ca54d5dS/Hot-Selling-Electric-Sensing-Water-Spouting-Ball-Light-Bathing-Toys-Baby-Bathing-Water-Toys-for-Gift.jpg_220x220.jpg,"https://ae04.alicdn.com/kf/H243c35a9715442eebd8f06dc9ca54d5dS.jpg,https://ae04.alicdn.com/kf/Hf3d1f5fdceb24dbdb9170beffa6bb425x.jpg,https://ae04.alicdn.com/kf/H07aca961baaa44579a6f67b16f12551fD.jpg,https://ae04.alicdn.com/kf/H9b45dc6e477d47bd8db8aaa050eed8c1d.jpg,https://ae04.alicdn.com/kf/Hccfc53054e534c4199b9fbb1702fc74dR.jpg,",https://www.aliexpress.com/item/1005003516458598.html,27.73,14.70,40.00%,,47%,https://s.click.aliexpress.com/e/_9QNsOs
Baby & Toddler Toys,100001698,Let's Make Baby Toys Rattles For Newborns Bed Bell Wooden Ring 0-12 Months Beech 1PC Animal Panda Wood Teether Educational Toys,4000117797901,https://ae01.alicdn.com/kf/H76b4c5c0ff6443148f97506a76c43290H/Let-s-Make-Baby-Toys-Rattles-For-Newborns-Bed-Bell-Wooden-Ring-0-12-Months-Beech.jpg_220x220.jpg,"https://ae04.alicdn.com/kf/H76b4c5c0ff6443148f97506a76c43290H.jpg,https://ae04.alicdn.com/kf/H664cdc9150b54c45ad0a4bceaf8ea918a.jpg,https://ae04.alicdn.com/kf/H9c456f57e13c4e049226ad814b1ff3dah.jpg,https://ae04.alicdn.com/kf/Hb6c295845d2742168eee865f81e84e38l.jpg,https://ae04.alicdn.com/kf/H7a02f061d1f84ec5816909b5380668a2e.jpg,",https://www.aliexpress.com/item/4000117797901.html,2.49,0.01,15.00%,,99%,https://s.click.aliexpress.com/e/_AeSRV2
Baby & Toddler Toys,100001698,1pcs Wooden Interactive Babies Toy Montessori Music Sounding Toy Newborn Baby Toys Colorful Educational Children's Toys Rattle,1005003546302416,https://ae01.alicdn.com/kf/He670a7c7d8a04672b0c125bacdf2c30fv/1pcs-Wooden-Interactive-Babies-Toy-Montessori-Music-Sounding-Toy-Newborn-Baby-Toys-Colorful-Educational-Children-s.jpg_220x220.jpg,"https://ae04.alicdn.com/kf/He670a7c7d8a04672b0c125bacdf2c30fv.jpg,https://ae04.alicdn.com/kf/H15f020a29b574642bc6c011c8066eb90n.jpg,https://ae04.alicdn.com/kf/H5a7ece7b2a2a49ecb0965c33624fd7a5W.jpg,https://ae04.alicdn.com/kf/Hbbafc604e9134c5298e4198385055b50O.jpg,https://ae04.alicdn.com/kf/Hb0ad4fd41f60409ab844e3381fb5bdf1A.jpg,",https://www.aliexpress.com/item/1005003546302416.html,6.64,6.64,10.00%,,0%,https://s.click.aliexpress.com/e/_AYsyLK
Baby & Toddler Toys,100001698,Baby Mobile Crib Bed Bell Toy Windup Movement Music Box Machine Nursery Decor,1005002073507238,https://ae01.alicdn.com/kf/H423771d9a2ec489bb09657667ada910f7/Baby-Mobile-Crib-Bed-Bell-Toy-Windup-Movement-Music-Box-Machine-Nursery-Decor.jpg_220x220.jpg,"https://ae04.alicdn.com/kf/H423771d9a2ec489bb09657667ada910f7.jpg,https://ae04.alicdn.com/kf/Hb06d65cc7dd048619175f7b97eefbbbbC.jpg,https://ae04.alicdn.com/kf/H9a4e363bd0914db29e5a2c630926f049r.jpg,https://ae04.alicdn.com/kf/H4b3c94ee4847436b9b7932db948ce68a7.jpg,https://ae04.alicdn.com/kf/H039ab7eb75a24e0ebdf0ac64b3d160afO.jpg,",https://www.aliexpress.com/item/1005002073507238.html,7.88,3.86,8.00%,,51%,https://s.click.aliexpress.com/e/_AlQTWG
Baby & Toddler Toys,100001698,1PC Wooden Rattle Toys Baby Teether Beech Wood Teething Rodent Ring Star Musical Chew Play Gym Montessori Stroller Toy,1005003511760162,https://ae01.alicdn.com/kf/Hf2986885b78f4fc7bc0e70548cfcea2fe/1PC-Wooden-Rattle-Toys-Baby-Teether-Beech-Wood-Teething-Rodent-Ring-Star-Musical-Chew-Play-Gym.jpg_220x220.jpg,"https://ae04.alicdn.com/kf/Hf2986885b78f4fc7bc0e70548cfcea2fe.jpg,https://ae04.alicdn.com/kf/H55593793c57d43cabd0fe829071a26923.jpg,https://ae04.alicdn.com/kf/H80a8e52a61d345db9365bb5c00c55d44k.jpg,https://ae04.alicdn.com/kf/H60f21342797e4f9b93788367a57ae537M.jpg,https://ae04.alicdn.com/kf/H3d88671bf4054a0db57e6ec902d89996T.jpg,",https://www.aliexpress.com/item/1005003511760162.html,7.07,4.95,10.00%,,30%,https://s.click.aliexpress.com/e/_AS3540
Baby & Toddler Toys,100001698,Let's Make Dropshipping Baby Rattles Crib Mobiles Toy Bed Bell Musical Box 0-12month Cloud Cotton Carousel For Cots Projection,1005003516056743,https://ae01.alicdn.com/kf/H54948416e1314d1a9310867c6827fd2fx/Let-s-Make-Dropshipping-Baby-Rattles-Crib-Mobiles-Toy-Bed-Bell-Musical-Box-0-12month-Cloud.jpg_220x220.jpg,"https://ae04.alicdn.com/kf/H54948416e1314d1a9310867c6827fd2fx.jpg,https://ae04.alicdn.com/kf/Hb5d7927c7f9e4d2789dd0ea20e186ec1i.jpg,https://ae04.alicdn.com/kf/H95b70d7c2c0344ccbb8d2d966861b943z.jpg,https://ae04.alicdn.com/kf/H29209f2bccae42b9828d806bf731f3e7b.jpg,https://ae04.alicdn.com/kf/Hfc9a7ebd53694993b1ea1f69cd3fa899i.jpg,",https://www.aliexpress.com/item/1005003516056743.html,112.00,57.12,40.00%,,49%,https://s.click.aliexpress.com/e/_9vhILE
Baby & Toddler Toys,100001698,Bath Toys Electric Duck Water Game Faucet Baby Shower Bathroom Water Spray Bath Toys Bathing Swimming Bath Toys For Kids,1005003516384993,https://ae01.alicdn.com/kf/H57c65fe17a6747afb9762f119ce979e4P/Bath-Toys-Electric-Duck-Water-Game-Faucet-Baby-Shower-Bathroom-Water-Spray-Bath-Toys-Bathing-Swimming.jpg_220x220.jpg,"https://ae04.alicdn.com/kf/H57c65fe17a6747afb9762f119ce979e4P.jpg,https://ae04.alicdn.com/kf/H0c6e8fc81b124907a779d4561d7ca60dy.jpg,https://ae04.alicdn.com/kf/Hf6a26c6110a6442fbb6469273b5212912.jpg,https://ae04.alicdn.com/kf/Ha4e14afdee974b2889fb8e60c1f8bb24C.jpg,https://ae04.alicdn.com/kf/H755105daaa3c4870bb9a30e77b5d30fdt.jpg,",https://www.aliexpress.com/item/1005003516384993.html,18.21,9.65,40.00%,,47%,https://s.click.aliexpress.com/e/_AaTMQs
Baby & Toddler Toys,100001698,Baby Toys for Teeth Cute Giraffe Teether O Shape Baby Teether Must-Have Bite Teether Baby Teether Nacimiento Bebe Baby Teether,4001160819623,https://ae01.alicdn.com/kf/H0193138a1f964d9e9c3106241337622cx/Baby-Toys-for-Teeth-Cute-Giraffe-Teether-O-Shape-Baby-Teether-Must-Have-Bite-Teether-Baby.jpg_220x220.jpg,"https://ae04.alicdn.com/kf/H0193138a1f964d9e9c3106241337622cx.jpg,https://ae04.alicdn.com/kf/Hdc1998ac482a4082bde23b730b24ac8bL.jpg,https://ae04.alicdn.com/kf/H5fda71dee49942db9037679fe0610ce7w.jpg,https://ae04.alicdn.com/kf/H518307978f4b48399ceb29d2ddf508f13.jpg,https://ae04.alicdn.com/kf/H589ec2b7aa0c4009849352877c43edf92.jpg,",https://www.aliexpress.com/item/4001160819623.html,3.07,1.69,10.00%,,45%,https://s.click.aliexpress.com/e/_AaEM1q
Baby & Toddler Toys,100001698,Baby Bath Toy Shower Water Spraying Tool Elephant Electric Faucet Bathroom Bathtub Children Play Game Bathing Toys for 12 months,1005003522210906,https://ae01.alicdn.com/kf/H2a5a9a1dd2a247bca251f1221201aebdU/Baby-Bath-Toy-Shower-Water-Spraying-Tool-Elephant-Electric-Faucet-Bathroom-Bathtub-Children-Play-Game-Bathing.jpg_220x220.jpg,"https://ae04.alicdn.com/kf/H2a5a9a1dd2a247bca251f1221201aebdU.jpg,https://ae04.alicdn.com/kf/Hceca914ae2d9483ca5f33191eb9e3e2eA.jpeg,https://ae04.alicdn.com/kf/H193df23bcea3439298f5e1eadfc075543.jpeg,https://ae04.alicdn.com/kf/H288baecbca3c4c2bbebb798d3a47cea19.jpeg,https://ae04.alicdn.com/kf/H380b298811a84db5b25a7aeee3d6761cg.jpg,",https://www.aliexpress.com/item/1005003522210906.html,37.01,19.25,40.00%,,48%,https://s.click.aliexpress.com/e/_9vsHyC
Baby & Toddler Toys,100001698,Baby Rattles Stroller Hanging Soft Toy mobile Bed Cute Animal Doll Elephant RabbitDog Baby Crib Hanging Bell Toys for 0-12month,1005003522424057,https://ae01.alicdn.com/kf/Hd536497c5069409198318a27cd45cf17p/Baby-Rattles-Stroller-Hanging-Soft-Toy-mobile-Bed-Cute-Animal-Doll-Elephant-RabbitDog-Baby-Crib-Hanging.jpg_220x220.jpg,"https://ae04.alicdn.com/kf/Hd536497c5069409198318a27cd45cf17p.jpg,https://ae04.alicdn.com/kf/H6eb2a300aa3d43bf980dc8e822db9921N.jpg,https://ae04.alicdn.com/kf/Hbb677daacdb34766bdf55f5187141c4cK.jpg,https://ae04.alicdn.com/kf/Hf26371e99c1b4f5c9952682473d04c4ff.jpg,https://ae04.alicdn.com/kf/Haddc987b954649329a5c9ceac2e6af9d0.jpg,",https://www.aliexpress.com/item/1005003522424057.html,17.59,9.15,30.00%,,48%,https://s.click.aliexpress.com/e/_A6eaOs
Baby & Toddler Toys,100001698,2021Baby Bath Toy electric dinosaur bubble machine children kids Pool Swimming Bathtub Cartoon Shape playing water toys for gift,1005003521898087,https://ae01.alicdn.com/kf/H2f164028ed664b7caa06ebac0dce4891n/2021Baby-Bath-Toy-electric-dinosaur-bubble-machine-children-kids-Pool-Swimming-Bathtub-Cartoon-Shape-playing-water.jpg_220x220.jpg,"https://ae04.alicdn.com/kf/H2f164028ed664b7caa06ebac0dce4891n.jpg,https://ae04.alicdn.com/kf/Hdf27b4db81834f028e1b224e5b50ab864.jpg,https://ae04.alicdn.com/kf/Had023ada73054dd694df49925ec118dc2.jpg,https://ae04.alicdn.com/kf/Hf2032843dc864ab2b87b1e773f24bd2eF.jpg,https://ae04.alicdn.com/kf/H35c0b73ad9d048ee8611d4f3308fd01c4.jpg,",https://www.aliexpress.com/item/1005003521898087.html,46.37,24.11,30.00%,,48%,https://s.click.aliexpress.com/e/_AqNmna
Baby & Toddler Toys,100001698,Baby Bath Toys Animal Rubber Duck Kids Bathroom Water Play Toy Floating Squeeze Sound Squeaky Bathing Toys,1005003250799502,https://ae01.alicdn.com/kf/H336fd08b64684f1898c8b9d661a086a1f/Baby-Bath-Toys-Animal-Rubber-Duck-Kids-Bathroom-Water-Play-Toy-Floating-Squeeze-Sound-Squeaky-Bathing.jpg_220x220.jpg,"https://ae04.alicdn.com/kf/H336fd08b64684f1898c8b9d661a086a1f.jpg,https://ae04.alicdn.com/kf/H6bd31e0c14004ae88b3484c33ac9aeb6C.jpg,https://ae04.alicdn.com/kf/Hb934f4718d9a483f952b94db5d0c029ao.jpg,https://ae04.alicdn.com/kf/H709743ea8ffe4880a3472885f3b61da6P.jpg,https://ae04.alicdn.com/kf/H5b8330ae9b5045a2b83ac3a370651876V.jpg,",https://www.aliexpress.com/item/1005003250799502.html,4.37,2.84,10.00%,,35%,https://s.click.aliexpress.com/e/_ACwbeU
Baby & Toddler Toys,100001698,Baby Bath Toys for Kids Spray Water Bath Toys Electric Duck Baby Shower Water Toys Ball Bathroom Baby Toy Bathtub Toys Water Toy,1005003522488410,https://ae01.alicdn.com/kf/H0e43a72d538847108967d920d36d7260V/Baby-Bath-Toys-for-Kids-Spray-Water-Bath-Toys-Electric-Duck-Baby-Shower-Water-Toys-Ball.jpg_220x220.jpg,"https://ae04.alicdn.com/kf/H0e43a72d538847108967d920d36d7260V.jpg,https://ae04.alicdn.com/kf/H2f6acce879bb4fa1880fe6bfb82dbbc8R.jpg,https://ae04.alicdn.com/kf/H92dc1c96b33e49fbbbc4b79c0d113ff4y.jpg,https://ae04.alicdn.com/kf/Hbcdfb72c82214abd8667ded3396337c65.jpg,https://ae04.alicdn.com/kf/Hbc391bdb37784000a4f07c3fca616daew.jpg,",https://www.aliexpress.com/item/1005003522488410.html,16.58,8.62,40.00%,,48%,https://s.click.aliexpress.com/e/_9ROPda
Baby & Toddler Toys,100001698,Baby Toys Rattles For Teether 0 12 Months Children Games Children's Educational Wooden Rodent Mobile Montessori Stroller Toy,1005002254594018,https://ae01.alicdn.com/kf/Hea48d85734df46cf8a974f8f38adc90fk/Baby-Toys-Rattles-For-Teether-0-12-Months-Children-Games-Children-s-Educational-Wooden-Rodent-Mobile.jpg_220x220.jpg,"https://ae04.alicdn.com/kf/Hea48d85734df46cf8a974f8f38adc90fk.jpg,https://ae04.alicdn.com/kf/Hce7f41b4c6fb480a990d6c89f3fb0f0fB.jpg,https://ae04.alicdn.com/kf/H09c6713ea8424b7e9b9111dbe73f8442t.jpg,https://ae04.alicdn.com/kf/H12d089985dd1435190e615fd02653c99z.jpg,https://ae04.alicdn.com/kf/H17b0b912e0cf4e3ea4cce7bcb24f3bcaw.jpg,",https://www.aliexpress.com/item/1005002254594018.html,4.26,3.41,8.00%,,20%,https://s.click.aliexpress.com/e/_ALi7AU
Baby & Toddler Toys,100001698,AY Tesco 3Pcs/Set Baby Rattles Wooden Beads Pendant Crib Mobile Baby Toys Bed Hanging Decor Handmade Stroller Accessories,1005003522288976,https://ae01.alicdn.com/kf/Hd150d98140b3425f9d2a7fac2ba5fbccI/AY-Tesco-3Pcs-Set-Baby-Rattles-Wooden-Beads-Pendant-Crib-Mobile-Baby-Toys-Bed-Hanging-Decor.jpg_220x220.jpg,"https://ae04.alicdn.com/kf/Hd150d98140b3425f9d2a7fac2ba5fbccI.jpg,https://ae04.alicdn.com/kf/H9071ab1098c44be4b0f30becbb5ef0a4G.jpg,https://ae04.alicdn.com/kf/H8c8083ffcbb4432ab7acafdbd2ecd602p.jpg,https://ae04.alicdn.com/kf/Hf0471d66ebc845e197c3c89f4d01f7d8z.jpg,https://ae04.alicdn.com/kf/Hf2d886e3720f412c802a25a2de1dba84S.jpg,",https://www.aliexpress.com/item/1005003522288976.html,48.30,25.12,40.00%,,48%,https://s.click.aliexpress.com/e/_97F9rq
Baby & Toddler Toys,100001698,YANUO Baby Toys Macaron Soft Rattle Toy Baby Teether Toy Early Education Puzzle Baby Boy Toys Toddler Toys Interactive Toys,4001162439829,https://ae01.alicdn.com/kf/H79e7bb41a5a848f1b2cb27103f570e849/YANUO-Baby-Toys-Macaron-Soft-Rattle-Toy-Baby-Teether-Toy-Early-Education-Puzzle-Baby-Boy-Toys.jpg_220x220.jpg,"https://ae04.alicdn.com/kf/H79e7bb41a5a848f1b2cb27103f570e849.jpg,https://ae04.alicdn.com/kf/Hb9f960f15cad47d2b77847924ed0ee3ej.jpg,https://ae04.alicdn.com/kf/Heba01731988b4f4f8ed079ab751180bch.jpg,https://ae04.alicdn.com/kf/H3ac28c316477419b865096139c119163Z.jpg,https://ae04.alicdn.com/kf/Hece069fdf40d455797efcc55a53c3852j.jpg,",https://www.aliexpress.com/item/4001162439829.html,1.43,0.79,10.00%,,45%,https://s.click.aliexpress.com/e/_An7XZi
Baby & Toddler Toys,100001698,Hot Selling Electric Sensing Water Spouting Ball Light Bathing Toys Baby Bathing Water Toys for Gift seиграes в кальмараrers,1005003522239735,https://ae01.alicdn.com/kf/H243c35a9715442eebd8f06dc9ca54d5dS/Hot-Selling-Electric-Sensing-Water-Spouting-Ball-Light-Bathing-Toys-Baby-Bathing-Water-Toys-for-Gift.jpg_220x220.jpg,"https://ae04.alicdn.com/kf/H243c35a9715442eebd8f06dc9ca54d5dS.jpg,https://ae04.alicdn.com/kf/Hf3d1f5fdceb24dbdb9170beffa6bb425x.jpg,https://ae04.alicdn.com/kf/H07aca961baaa44579a6f67b16f12551fD.jpg,https://ae04.alicdn.com/kf/H9b45dc6e477d47bd8db8aaa050eed8c1d.jpg,https://ae04.alicdn.com/kf/Hccfc53054e534c4199b9fbb1702fc74dR.jpg,",https://www.aliexpress.com/item/1005003522239735.html,27.73,14.42,30.00%,,48%,https://s.click.aliexpress.com/e/_AT4LvE
Baby & Toddler Toys,100001698,9pcs Baby'S First Rattle And Teether Toy Early Education Learning Toys For Kids With Giant Milk Bottle Grasp Colorful Toy,1005003521993652,https://ae01.alicdn.com/kf/H74bbfbb524044327bc88eb7c8008dea9Q/9pcs-Baby-S-First-Rattle-And-Teether-Toy-Early-Education-Learning-Toys-For-Kids-With-Giant.jpg_220x220.jpg,"https://ae04.alicdn.com/kf/H74bbfbb524044327bc88eb7c8008dea9Q.jpg,https://ae04.alicdn.com/kf/H3a2f746cddfd444bb734a706c4ebdb30b.jpg,https://ae04.alicdn.com/kf/H1d16b21e7d3a44f59df02410cc4e70124.jpg,https://ae04.alicdn.com/kf/H4bef2813ec1a4f8ba7b8dbc68c05d8f3b.jpg,https://ae04.alicdn.com/kf/H26382a507bf64f3aa1d4785d3c45c77bu.jpg,",https://www.aliexpress.com/item/1005003521993652.html,41.46,21.56,30.00%,,48%,https://s.click.aliexpress.com/e/_9iXpsu
Baby & Toddler Toys,100001698,2022 Bathroom Toys Pipeline Water Spray Shower Game Bird Mushroom Toy for Children Swimming Bathroom Bathing Kids Toy gift,1005003521796724,https://ae01.alicdn.com/kf/H86dcf1f6c80c4ba7bbcd976d62a3cf52d/2022-Bathroom-Toys-Pipeline-Water-Spray-Shower-Game-Bird-Mushroom-Toy-for-Children-Swimming-Bathroom-Bathing.jpg_220x220.jpg,"https://ae04.alicdn.com/kf/H86dcf1f6c80c4ba7bbcd976d62a3cf52d.jpg,https://ae04.alicdn.com/kf/H29bec349776a41728c8248877fbdb143g.jpg,https://ae04.alicdn.com/kf/H5726832535af4df0b624e0fb73d118baI.jpg,https://ae04.alicdn.com/kf/H90e523c02b884f12b873cd28922efc2du.jpg,https://ae04.alicdn.com/kf/H15325f040bed4d4aaf86399f73dc82ccS.jpg,",https://www.aliexpress.com/item/1005003521796724.html,45.54,23.68,40.00%,,48%,https://s.click.aliexpress.com/e/_AgBNMo
Baby & Toddler Toys,100001698,Bath Toys Baby Water Game Elephant Model Faucet Shower Electric Water Spray Toy For Kids Swimming Bathroom Baby Toys sesquid,1005003522032434,https://ae01.alicdn.com/kf/Hb61c202910f04d458764616d66369b8b8/Bath-Toys-Baby-Water-Game-Elephant-Model-Faucet-Shower-Electric-Water-Spray-Toy-For-Kids-Swimming.jpg_220x220.jpg,"https://ae04.alicdn.com/kf/Hb61c202910f04d458764616d66369b8b8.jpg,https://ae04.alicdn.com/kf/H5789a96da3b54e9ba8031f261ddbf282J.jpg,https://ae04.alicdn.com/kf/H39f69ed104be4c0b978845a2068ac6dcc.jpg,https://ae04.alicdn.com/kf/H80169aada39e46eea91e75025efa7cf5Y.jpg,https://ae04.alicdn.com/kf/H8568f6c808c44f81ac31f235506eab84N.jpg,",https://www.aliexpress.com/item/1005003522032434.html,46.81,24.34,30.00%,,48%,https://s.click.aliexpress.com/e/_A5bBFq
Baby & Toddler Toys,100001698,Bath Toys Pipeline Water Spray Shower Game Elephant Bath Baby Toy for Children Swimming Bathroom Bathing Shower Kids Toy,1005003521988669,https://ae01.alicdn.com/kf/H34fb09f492784e07b6a4084782bc58c6F/Bath-Toys-Pipeline-Water-Spray-Shower-Game-Elephant-Bath-Baby-Toy-for-Children-Swimming-Bathroom-Bathing.jpg_220x220.jpg,"https://ae04.alicdn.com/kf/H34fb09f492784e07b6a4084782bc58c6F.jpg,https://ae04.alicdn.com/kf/H33b587b5fabb4dadbbd7ca6e9d87e695H.jpg,https://ae04.alicdn.com/kf/Hbe410eb444e54aa2af5a41ceb98b683fd.jpg,https://ae04.alicdn.com/kf/He328ca943bf34be19864e1cd3b0f8f66E.jpg,https://ae04.alicdn.com/kf/H1966e4b053d5405e9765529f4dd3d53cD.jpg,",https://www.aliexpress.com/item/1005003521988669.html,28.59,14.87,30.00%,,48%,https://s.click.aliexpress.com/e/_ASU23i
Baby & Toddler Toys,100001698,Bath Toys Spray Water Light Rotate With Shower Toy Pool Kids Toys For Children Toddler Swimming Toy Bathroom Play Ball Toy,1005003522047325,https://ae01.alicdn.com/kf/Hb3776003d30a4a558e76cb2bf6c43dd7D/Bath-Toys-Spray-Water-Light-Rotate-With-Shower-Toy-Pool-Kids-Toys-For-Children-Toddler-Swimming.jpg_220x220.jpg,"https://ae04.alicdn.com/kf/Hb3776003d30a4a558e76cb2bf6c43dd7D.jpg,https://ae04.alicdn.com/kf/Hbb646ce44b374c978743dff24692486f5.jpg,https://ae04.alicdn.com/kf/H9c338650bbf94c04bf4ef9388960941fU.jpg,https://ae04.alicdn.com/kf/H1cba81166d1a4c5b849c00ea9e29fe1do.jpg,https://ae04.alicdn.com/kf/H802ab58a307b4bec818d2f44ea9c74e22.jpg,",https://www.aliexpress.com/item/1005003522047325.html,20.81,10.82,40.00%,,48%,https://s.click.aliexpress.com/e/_AmR6lO
Baby & Toddler Toys,100001698,YANUO Baby Silicone Training Toothbrush BPA Free Safe Toddle Teether Chew Toys Teething Ring Gift for Infant Baby Chewing,4001164273507,https://ae01.alicdn.com/kf/H16b1554a92e64c0eaac2bb0a83b6dec2E/YANUO-Baby-Silicone-Training-Toothbrush-BPA-Free-Safe-Toddle-Teether-Chew-Toys-Teething-Ring-Gift-for.jpg_220x220.jpg,"https://ae04.alicdn.com/kf/H16b1554a92e64c0eaac2bb0a83b6dec2E.jpg,https://ae04.alicdn.com/kf/H42bfb197e5184d5091a1ab0c0da19407D.jpg,https://ae04.alicdn.com/kf/H92bb53eac45f4f298367284c37c5bbd0I.jpg,https://ae04.alicdn.com/kf/H4bca417ca81046229e72e01fa537ae5cP.jpg,https://ae04.alicdn.com/kf/H9684d55f66b3438daddc4da1544d149f9.jpg,",https://www.aliexpress.com/item/4001164273507.html,4.53,4.08,10.00%,,10%,https://s.click.aliexpress.com/e/_9hx3wU
Baby & Toddler Toys,100001698,Baby Teether Toy Teeth The Rodents 1Set Baby Teether Cards Photography Props Set Bath Accessories 0 12 Months Rodent Toys,1005002803680687,https://ae01.alicdn.com/kf/H0a9930ea0faf492bb25d090c4e8055b7U/Baby-Teether-Toy-Teeth-The-Rodents-1Set-Baby-Teether-Cards-Photography-Props-Set-Bath-Accessories-0.jpg_220x220.jpg,"https://ae04.alicdn.com/kf/H0a9930ea0faf492bb25d090c4e8055b7U.jpg,https://ae04.alicdn.com/kf/H15f0dfb0443d427d83c834025be37fe78.jpg,https://ae04.alicdn.com/kf/H691f028cb8e14485a8fa28d38a8f90e0q.jpg,https://ae04.alicdn.com/kf/He74d47315b304b108ed26c12bc90f881y.jpg,https://ae04.alicdn.com/kf/H8b5cef886adf421d8190065db6dff5c9U.jpg,",https://www.aliexpress.com/item/1005002803680687.html,4.95,0.01,8.00%,,99%,https://s.click.aliexpress.com/e/_97H6j6
Baby & Toddler Toys,100001698,1Set cloud Cartoon Baby Wooden Gym Fitness Frame Rack Hanging Pendant Toys Kit Toddler Infant Room Decorations,4001230486324,https://ae01.alicdn.com/kf/Hf8deac8ffa5d48e5989d521980bb422aU/1Set-cloud-Cartoon-Baby-Wooden-Gym-Fitness-Frame-Rack-Hanging-Pendant-Toys-Kit-Toddler-Infant-Room.jpg_220x220.jpg,"https://ae04.alicdn.com/kf/Hf8deac8ffa5d48e5989d521980bb422aU.jpg,https://ae04.alicdn.com/kf/H4f87ab154f6d42d491ff3b11a7022a0dP.jpg,https://ae04.alicdn.com/kf/H22eebf3681a64a80bd49279b24add456g.jpg,https://ae04.alicdn.com/kf/He49f1589c5644894b7f07e5392beb985x.jpg,https://ae04.alicdn.com/kf/Hdc1cad233b4d4ad6a8e5c9ffcbf6296b6.jpg,",https://www.aliexpress.com/item/4001230486324.html,58.03,40.62,8.00%,,30%,https://s.click.aliexpress.com/e/_ACodYo
Baby & Toddler Toys,100001698,1pc Baby Rattle Wooden Ring Bed Toys Teether Rabbit ears pure cotton material Child bites Comfort toys,1005001864045423,https://ae01.alicdn.com/kf/Hb40d70ccc52a4cdd969bf7633cc5aea0E/1pc-Baby-Rattle-Wooden-Ring-Bed-Toys-Teether-Rabbit-ears-pure-cotton-material-Child-bites-Comfort.jpg_220x220.jpg,"https://ae04.alicdn.com/kf/Hb40d70ccc52a4cdd969bf7633cc5aea0E.jpg,https://ae04.alicdn.com/kf/H669ff16c6afa42e0916e023e04d96120n.jpg,https://ae04.alicdn.com/kf/H85596699cfd14fad83ecc796f421a3447.jpg,https://ae04.alicdn.com/kf/H1e3c1a3981214aefa1a06d0b8dcab800g.jpg,https://ae04.alicdn.com/kf/H93d10ed9a21b44059b531d94a784b3abk.jpg,",https://www.aliexpress.com/item/1005001864045423.html,4.42,3.09,8.00%,,30%,https://s.click.aliexpress.com/e/_AMSH5w
Baby & Toddler Toys,100001698,Baby Rattle Ball Toys 0-12 Months Safe Newborn Teething Toys Soft Plastic Hand Bell Early Educational Rattle Teether Toys Gifts,1005003522518211,https://ae01.alicdn.com/kf/H9afa499e8cc54716b5d9521f067c5eafH/Baby-Rattle-Ball-Toys-0-12-Months-Safe-Newborn-Teething-Toys-Soft-Plastic-Hand-Bell-Early.jpg_220x220.jpg,"https://ae04.alicdn.com/kf/H9afa499e8cc54716b5d9521f067c5eafH.jpg,https://ae04.alicdn.com/kf/H014a13e44dcf47bc83f279413418ddf0J.jpg,https://ae04.alicdn.com/kf/Hec425bf4b2dc441a8051c8e034f09e563.jpg,https://ae04.alicdn.com/kf/Hec3c41cb88d54c5190f66da796f90677L.jpg,https://ae04.alicdn.com/kf/H4d431f46628b46d0b672bc34d979832dU.jpg,",https://www.aliexpress.com/item/1005003522518211.html,24.64,12.81,40.00%,,48%,https://s.click.aliexpress.com/e/_AZ5IJa
Baby & Toddler Toys,100001698,Animal Hand Finger Puppet Plushed Doll Educational Baby Toys Fox Bear Shark Simulator Soft Stuffed Toys Anime Doll Game For Girl,1005003522354084,https://ae01.alicdn.com/kf/H7cd58ca118564db6a427036a40a656947/Animal-Hand-Finger-Puppet-Plushed-Doll-Educational-Baby-Toys-Fox-Bear-Shark-Simulator-Soft-Stuffed-Toys.jpg_220x220.jpg,"https://ae04.alicdn.com/kf/H7cd58ca118564db6a427036a40a656947.jpg,https://ae04.alicdn.com/kf/He404653dba88415cb6bcc6e1409e63559.jpg,https://ae04.alicdn.com/kf/H93e1728e154f4d998e0f8208c666c935o.jpg,https://ae04.alicdn.com/kf/H91e53098d9ae42e79769638a1d7ed1e7G.jpg,https://ae04.alicdn.com/kf/Ha2fb5927760f4d6aa445db7c13d49f8dD.jpg,",https://www.aliexpress.com/item/1005003522354084.html,10.47,5.44,30.00%,,48%,https://s.click.aliexpress.com/e/_A5hog8
Baby & Toddler Toys,100001698,Baby Hanger Baby Mobile Crib Hanger Frame Mobile DIY Crafts Baby Toys For Children Holder Arm Bracket Baby Rattle,4001153866150,https://ae01.alicdn.com/kf/H801422cc35f349e49d8555f40fca14e6W/Baby-Hanger-Baby-Mobile-Crib-Hanger-Frame-Mobile-DIY-Crafts-Baby-Toys-For-Children-Holder-Arm.jpg_220x220.jpg,"https://ae04.alicdn.com/kf/H801422cc35f349e49d8555f40fca14e6W.jpg,https://ae04.alicdn.com/kf/Hc5c3769552674bfe8482e71af5ad5dd7A.jpg,https://ae04.alicdn.com/kf/H88b5104c55374ccb9cb50e566f3a6515B.jpg,https://ae04.alicdn.com/kf/H6119bd135c794a3584290381dd64f2538.jpg,https://ae04.alicdn.com/kf/H1a2c1dc59edf4db597ffdfd74d83aef55.jpg,",https://www.aliexpress.com/item/4001153866150.html,19.99,13.99,8.00%,,30%,https://s.click.aliexpress.com/e/_9u8uPi
Baby & Toddler Toys,100001698,Baby Wooden Rattle Bed Bell Acessories Children Goods Baby Toys 0-24 Months Baby Hanging Toys Kid Room Bed Hanging Decor,1005003324164842,https://ae01.alicdn.com/kf/H15500820ec6b431e8a4743b7526c9d3bW/Baby-Wooden-Rattle-Bed-Bell-Acessories-Children-Goods-Baby-Toys-0-24-Months-Baby-Hanging-Toys.jpg_220x220.jpg,"https://ae04.alicdn.com/kf/H15500820ec6b431e8a4743b7526c9d3bW.jpg,https://ae04.alicdn.com/kf/H4a2cdf00ba66434e84a444fb8f01e997g.jpg,https://ae04.alicdn.com/kf/H26c67281d3e943b2b79247bcb502cf14o.jpg,https://ae04.alicdn.com/kf/Hee00beb97e0f42fcb48d9d8a2862d6a3n.jpg,https://ae04.alicdn.com/kf/Hd5aae316a1574e5fadb7be085a8c23ebE.jpg,",https://www.aliexpress.com/item/1005003324164842.html,25.79,17.54,10.50%,,32%,https://s.click.aliexpress.com/e/_ATpCtm
Baby & Toddler Toys,100001698,Baby Toys Hanging Play Gym Children's Room Decoration Toy Animal Bell Montessori Birthday Baby Shower Gift Rattle 1 Set,1005003144794778,https://ae01.alicdn.com/kf/Ha2d854e0f94e4504a58aabbda4bfaef30/Baby-Toys-Hanging-Play-Gym-Children-s-Room-Decoration-Toy-Animal-Bell-Montessori-Birthday-Baby-Shower.jpg_220x220.jpg,"https://ae04.alicdn.com/kf/Ha2d854e0f94e4504a58aabbda4bfaef30.jpg,https://ae04.alicdn.com/kf/H7a53f74ab07844b0b2f8d766b0158a45q.jpg,https://ae04.alicdn.com/kf/Ha9b7086e3b984453a12d2583d026c559h.jpg,https://ae04.alicdn.com/kf/H58a61c8a168744cfa87ddfd87290428aV.jpg,https://ae04.alicdn.com/kf/He4fdf0847f6a4e0386124456d30a3972P.jpg,",https://www.aliexpress.com/item/1005003144794778.html,23.59,16.51,8.00%,,30%,https://s.click.aliexpress.com/e/_ACkgC4
Baby & Toddler Toys,100001698,Baby Toys Teether For Teeth Wooden Crochet Pacifier Chain Rattles Toy Children Newborns Educational Games Soother Teether Toy,1005003515040072,https://ae01.alicdn.com/kf/H7a95e2f58a9c4cadbefd873294614e978/Baby-Toys-Teether-For-Teeth-Wooden-Crochet-Pacifier-Chain-Rattles-Toy-Children-Newborns-Educational-Games-Soother.jpg_220x220.jpg,"https://ae04.alicdn.com/kf/H7a95e2f58a9c4cadbefd873294614e978.jpg,https://ae04.alicdn.com/kf/H9e2209ccb83044a886f8db2c821281611.jpg,https://ae04.alicdn.com/kf/H934bdc2e23144acbba0d5ae0524e7d51b.jpg,https://ae04.alicdn.com/kf/H2590ca6dd81c4d7193498684ccb8ae2fa.jpg,https://ae04.alicdn.com/kf/H57d9e425313748d8856d039fedf27378q.jpg,",https://www.aliexpress.com/item/1005003515040072.html,19.28,13.50,8.00%,,30%,https://s.click.aliexpress.com/e/_9Q6RxA
Baby & Toddler Toys,100001698,1 PC Baby Decoration DIY Crafts Photography Props Newborn Gift Wooden Mobile Hanger Mobile kit Crib Mobile Hanging Frame Bed Toy,1005003142090339,https://ae01.alicdn.com/kf/H0f46551300b0498194dfbc5ad07a29f5A/1-PC-Baby-Decoration-DIY-Crafts-Photography-Props-Newborn-Gift-Wooden-Mobile-Hanger-Mobile-kit-Crib.jpg_220x220.jpg,"https://ae04.alicdn.com/kf/H0f46551300b0498194dfbc5ad07a29f5A.jpg,https://ae04.alicdn.com/kf/Haef93c914b5d4bf9a0898b589a176a6dI.jpg,https://ae04.alicdn.com/kf/Ha2f6c667a73b4c958b50829d511524a1Z.jpg,https://ae04.alicdn.com/kf/Hdb7b1ff534354ed49b8729e3866e86dcq.jpg,https://ae04.alicdn.com/kf/H638d08d5b8434fee863e8f5aa502e58dx.jpg,",https://www.aliexpress.com/item/1005003142090339.html,6.76,4.73,8.00%,,30%,https://s.click.aliexpress.com/e/_AgcDw4
Baby & Toddler Toys,100001698,Baby Toys Silicone Balls Pacifiers Wooden Rattles For Bpa Free Babies Teether For Teeth Educational Soother Chew Development Toy,1005003489254583,https://ae01.alicdn.com/kf/H2e01f8c2ca484255801c944d995c9afen/Baby-Toys-Silicone-Balls-Pacifiers-Wooden-Rattles-For-Bpa-Free-Babies-Teether-For-Teeth-Educational-Soother.jpg_220x220.jpg,"https://ae04.alicdn.com/kf/H2e01f8c2ca484255801c944d995c9afen.jpg,https://ae04.alicdn.com/kf/Hd9c0f57188824ccc933203f6a768b15fY.jpg,https://ae04.alicdn.com/kf/H2debd1f894b64100a0e0a016cd7482f7O.jpg,https://ae04.alicdn.com/kf/H4110f3e0fd3842559de47e6c3a97c798O.jpg,https://ae04.alicdn.com/kf/Hb53c462b12cf454089d381670074ff053.jpg,",https://www.aliexpress.com/item/1005003489254583.html,12.85,12.85,8.00%,,0%,https://s.click.aliexpress.com/e/_A4zhZK
Baby & Toddler Toys,100001698,Baby Christmas Bed Bell Crib Mobiles Toy Cots Projection Infant Wooden Toy Animals Pendant Rotating Music Rattles Gift,1005003227491280,https://ae01.alicdn.com/kf/Hbe060c638a124787bf999db943b6d3a4o/Baby-Christmas-Bed-Bell-Crib-Mobiles-Toy-Cots-Projection-Infant-Wooden-Toy-Animals-Pendant-Rotating-Music.jpg_220x220.jpg,"https://ae04.alicdn.com/kf/Hbe060c638a124787bf999db943b6d3a4o.jpg,https://ae04.alicdn.com/kf/H9f8757477c914de899d9ab56387d704fs.jpg,https://ae04.alicdn.com/kf/H8246d9eec8b4415f8f7ecec457fbbaed8.jpg,https://ae04.alicdn.com/kf/H8499a732a3db4da6992073add9ee35d5a.jpg,https://ae04.alicdn.com/kf/Hd0df9f7bb962410fbc92538d30be15cft.jpg,",https://www.aliexpress.com/item/1005003227491280.html,14.95,10.02,8.00%,,33%,https://s.click.aliexpress.com/e/_97CtHK
Baby & Toddler Toys,100001698,Baby Toys Rattles For Teether 0 12 Months Children Games Children's Educational Wooden Rodent Mobile Montessori Stroller Toy,1005002254594018,https://ae01.alicdn.com/kf/Hea48d85734df46cf8a974f8f38adc90fk/Baby-Toys-Rattles-For-Teether-0-12-Months-Children-Games-Children-s-Educational-Wooden-Rodent-Mobile.jpg_220x220.jpg,"https://ae04.alicdn.com/kf/Hea48d85734df46cf8a974f8f38adc90fk.jpg,https://ae04.alicdn.com/kf/Hce7f41b4c6fb480a990d6c89f3fb0f0fB.jpg,https://ae04.alicdn.com/kf/H09c6713ea8424b7e9b9111dbe73f8442t.jpg,https://ae04.alicdn.com/kf/H12d089985dd1435190e615fd02653c99z.jpg,https://ae04.alicdn.com/kf/H17b0b912e0cf4e3ea4cce7bcb24f3bcaw.jpg,",https://www.aliexpress.com/item/1005002254594018.html,4.26,3.41,8.00%,,20%,https://s.click.aliexpress.com/e/_9hDGj2
Baby & Toddler Toys,100001698,Cartoon Baby Crib Mobiles Rattles Music Cartoon fox Educational Toys Bed Bell for Cots Infant Baby Toys Newborns,1005003202199964,https://ae01.alicdn.com/kf/H0b829db1b8284df7b9e1d452725cb49fd/Cartoon-Baby-Crib-Mobiles-Rattles-Music-Cartoon-fox-Educational-Toys-Bed-Bell-for-Cots-Infant-Baby.jpg_220x220.jpg,"https://ae04.alicdn.com/kf/H0b829db1b8284df7b9e1d452725cb49fd.jpg,https://ae04.alicdn.com/kf/H0a9fba520b68413bba700832dd6b9b93P.jpg,https://ae04.alicdn.com/kf/H24e1745f8db248b4b40eb79b9adceba4y.jpg,https://ae04.alicdn.com/kf/Ha900737d820140aa9885ac22c60184ebr.jpg,https://ae04.alicdn.com/kf/Hdc8e452d101e4b11811c07bafda283760.jpg,",https://www.aliexpress.com/item/1005003202199964.html,14.33,9.89,10.50%,,31%,https://s.click.aliexpress.com/e/_ALfsmY
Baby & Toddler Toys,100001698,Baby Toys Teether For Teeth Wooden Crochet Pacifier Rattles For Toy Children Newborns Educational Games Soother Teether Toy,1005003514154707,https://ae01.alicdn.com/kf/H6feb1a99ceae455599552beb97cfd793i/Baby-Toys-Teether-For-Teeth-Wooden-Crochet-Pacifier-Rattles-For-Toy-Children-Newborns-Educational-Games-Soother.jpg_220x220.jpg,"https://ae04.alicdn.com/kf/H6feb1a99ceae455599552beb97cfd793i.jpg,https://ae04.alicdn.com/kf/Hcfc689fadea44d9e9bf5b4c863f5ff1ag.jpg,https://ae04.alicdn.com/kf/He8427017db5b452d83dd0c37ffaf94a1P.jpg,https://ae04.alicdn.com/kf/Ha5d11dfe36334405b64009dcc4f8f983u.jpg,https://ae04.alicdn.com/kf/H03628725614341f48519cfd9e40b1a13j.jpg,",https://www.aliexpress.com/item/1005003514154707.html,15.88,11.12,10.50%,,30%,https://s.click.aliexpress.com/e/_97ir3A
Baby & Toddler Toys,100001698,Children Early Education Toy Rolling Ball Pile Tower Educational Montessori Toy Rotating Track Educational Baby Toys Toddler Toy,1005003505929888,https://ae01.alicdn.com/kf/Hccd943061bb54bb390ecb715e97a98a6S/Children-Early-Education-Toy-Rolling-Ball-Pile-Tower-Educational-Montessori-Toy-Rotating-Track-Educational-Baby-Toys.jpg_220x220.jpg,"https://ae04.alicdn.com/kf/Hccd943061bb54bb390ecb715e97a98a6S.jpg,https://ae04.alicdn.com/kf/Hb9a5632a99da4225b62505f771a4a720t.jpg,https://ae04.alicdn.com/kf/Ha9f84559f0014aa4ade5d13fcb949472k.jpg,https://ae04.alicdn.com/kf/H14f56bc2a4184728b891a88bd05ca13aI.jpg,https://ae04.alicdn.com/kf/H4145b3af1c7c46679e066156af4904013.jpg,",https://www.aliexpress.com/item/1005003505929888.html,17.47,6.99,30.00%,,60%,https://s.click.aliexpress.com/e/_9RLFTe
Baby & Toddler Toys,100001698,Baby Bath Toys for Children New Baby Bath Swimming Bath Toy Cute Frogs Clockwork Bath Toy Brinquedos Infantil игрушки для детей,1005003520821408,https://ae01.alicdn.com/kf/Hd9dad6a5ffb64958ab39f62d4bbb4e50a/Baby-Bath-Toys-for-Children-New-Baby-Bath-Swimming-Bath-Toy-Cute-Frogs-Clockwork-Bath-Toy.jpg_220x220.jpg,"https://ae04.alicdn.com/kf/Hd9dad6a5ffb64958ab39f62d4bbb4e50a.jpg,https://ae04.alicdn.com/kf/H1a10da1ddc444d2f82291cfd20139a8eq.jpg,https://ae04.alicdn.com/kf/H51bf39ac486c49d3914e3ec59ab40c47J.jpg,https://ae04.alicdn.com/kf/H2af90076cbdf4dc0b919253b8a7440bbM.jpg,https://ae04.alicdn.com/kf/H06159ba6cfa24b12b2b54c6885393d31x.jpg,",https://www.aliexpress.com/item/1005003520821408.html,0.80,0.80,10.00%,,0%,https://s.click.aliexpress.com/e/_A6a8yM
Baby & Toddler Toys,100001698,3PC Baby Wooden Mobile Hanger Mobile kit Decoration Photography Props Newborn Gift Crib Mobile Hanging Frame Bed Toy,1005003324769654,https://ae01.alicdn.com/kf/Hc5249ffc2e554003944ce48b82570659b/3PC-Baby-Wooden-Mobile-Hanger-Mobile-kit-Decoration-Photography-Props-Newborn-Gift-Crib-Mobile-Hanging-Frame.jpg_220x220.jpg,"https://ae04.alicdn.com/kf/Hc5249ffc2e554003944ce48b82570659b.jpg,https://ae04.alicdn.com/kf/H4389591141804a3c90041b4faa8a62a4Y.jpg,https://ae04.alicdn.com/kf/H5d8fad3636eb457fae66be15f4d92a68T.jpg,https://ae04.alicdn.com/kf/Hd967deae6cc64b828f4186d4915bc6bcU.jpg,https://ae04.alicdn.com/kf/H6e50ebae1dee40c8952918a3b491daebv.jpg,",https://www.aliexpress.com/item/1005003324769654.html,48.16,32.75,10.50%,,32%,https://s.click.aliexpress.com/e/_A59xog
Baby & Toddler Toys,100001698,1pc Food Grade Beech Wood Cloud Teether Crochet Beads Dummy Pacifier Clip DIY Wood Jewelry Making For Teeth Clip Chains,1005001853363784,https://ae01.alicdn.com/kf/Hfc24682590df45abb52a47182ecfd405G/1pc-Food-Grade-Beech-Wood-Cloud-Teether-Crochet-Beads-Dummy-Pacifier-Clip-DIY-Wood-Jewelry-Making.jpg_220x220.jpg,"https://ae04.alicdn.com/kf/Hfc24682590df45abb52a47182ecfd405G.jpg,https://ae04.alicdn.com/kf/H76c9dca8338a4d168147948e8281c129v.jpg,https://ae04.alicdn.com/kf/H8ef1c4a0b7d34b2ab27d4c921b2dfbfdN.jpg,https://ae04.alicdn.com/kf/H50a429030e574480b3169fd9d8877c21v.jpg,https://ae04.alicdn.com/kf/H9f072bad9bc04e3baddc7c68c279f349s.jpg,",https://www.aliexpress.com/item/1005001853363784.html,7.15,5.00,8.00%,,30%,https://s.click.aliexpress.com/e/_9uZUzI
Baby & Toddler Toys,100001698,Cartoon Baby Toys 0-12 Months Bed Stroller Baby Mobile Hanging Rattles Newborn Infant Toys For Baby Boys Girls погремушки,1005003129929982,https://ae01.alicdn.com/kf/Hcc3feca44a1e4ef586e6e6b9246e4587U/Cartoon-Baby-Toys-0-12-Months-Bed-Stroller-Baby-Mobile-Hanging-Rattles-Newborn-Infant-Toys-For.jpg_220x220.jpg,"https://ae04.alicdn.com/kf/Hcc3feca44a1e4ef586e6e6b9246e4587U.jpg,https://ae04.alicdn.com/kf/H4775bee1854642a3b09def72989735fe5.jpg,https://ae04.alicdn.com/kf/H988e57d4f6634a2e9d80fdbd0c636145W.jpg,https://ae04.alicdn.com/kf/Hcc7cfa0289f14168bcd5cca47da3d024c.jpg,https://ae04.alicdn.com/kf/H836242b62f6c4d90b7cfde41267cb76cI.jpg,",https://www.aliexpress.com/item/1005003129929982.html,11.52,8.06,10.50%,,30%,https://s.click.aliexpress.com/e/_AfskNQ
Baby & Toddler Toys,100001698,Baby Mobile Rattles Toys 0-12 Months For Baby Newborn Crib Bed Bell Toddler Rattles Carousel For Cots Kids Toy Gift,1005003144344250,https://ae01.alicdn.com/kf/Heb760c9ab7df4891aa84faac57783fafy/Baby-Mobile-Rattles-Toys-0-12-Months-For-Baby-Newborn-Crib-Bed-Bell-Toddler-Rattles-Carousel.jpg_220x220.jpg,"https://ae04.alicdn.com/kf/Heb760c9ab7df4891aa84faac57783fafy.jpg,https://ae04.alicdn.com/kf/H8864262d0ad44d5f8b9f40ad775fe49aw.jpg,https://ae04.alicdn.com/kf/H598f3f3f5f054df0bed7f330d0dd970a7.jpg,https://ae04.alicdn.com/kf/H0b6a39cf711447b6910e3b2d09130f15p.jpg,https://ae04.alicdn.com/kf/H3ed636e64970475e9640c1181251c273r.jpg,",https://www.aliexpress.com/item/1005003144344250.html,25.49,17.84,10.50%,,30%,https://s.click.aliexpress.com/e/_AZ2Tre
Baby & Toddler Toys,100001698,Baby Bath Toys For Children Baby Toy Cute Cartoon Animal Infant Swim Turtle Wound-up Chain Frogs Clockwork Baby Water Kids Toy,1005003446257240,https://ae01.alicdn.com/kf/Hd706555469e64bc59eeb3c3df866d2ffl/Baby-Bath-Toys-For-Children-Baby-Toy-Cute-Cartoon-Animal-Infant-Swim-Turtle-Wound-up-Chain.jpg_220x220.jpg,"https://ae04.alicdn.com/kf/Hd706555469e64bc59eeb3c3df866d2ffl.jpg,https://ae04.alicdn.com/kf/H0cb9c8dc0f0543ff8dcc721a9ffc8ebb0.jpg,https://ae04.alicdn.com/kf/H19e4bab43bfb419e84506ab6e2d90783h.jpg,https://ae04.alicdn.com/kf/H4fd010dc963348668404d173a0c6ea396.jpg,https://ae04.alicdn.com/kf/H26c1e0937d804235b2a232300cf0ee02l.jpg,",https://www.aliexpress.com/item/1005003446257240.html,7.64,3.06,50.00%,,60%,https://s.click.aliexpress.com/e/_ABMW0y
Baby & Toddler Toys,100001698,Baby Teether Toy Teeth The Rodents 1Set Baby Teether Cards Photography Props Set Bath Accessories 0 12 Months Rodent Toys,1005002803680687,https://ae01.alicdn.com/kf/H0a9930ea0faf492bb25d090c4e8055b7U/Baby-Teether-Toy-Teeth-The-Rodents-1Set-Baby-Teether-Cards-Photography-Props-Set-Bath-Accessories-0.jpg_220x220.jpg,"https://ae04.alicdn.com/kf/H0a9930ea0faf492bb25d090c4e8055b7U.jpg,https://ae04.alicdn.com/kf/H15f0dfb0443d427d83c834025be37fe78.jpg,https://ae04.alicdn.com/kf/H691f028cb8e14485a8fa28d38a8f90e0q.jpg,https://ae04.alicdn.com/kf/He74d47315b304b108ed26c12bc90f881y.jpg,https://ae04.alicdn.com/kf/H8b5cef886adf421d8190065db6dff5c9U.jpg,",https://www.aliexpress.com/item/1005002803680687.html,4.95,0.01,8.00%,,99%,https://s.click.aliexpress.com/e/_AMP1jQ
Baby & Toddler Toys,100001698,1Set cloud Cartoon Baby Wooden Gym Fitness Frame Rack Hanging Pendant Toys Kit Toddler Infant Room Decorations,4001230486324,https://ae01.alicdn.com/kf/Hf8deac8ffa5d48e5989d521980bb422aU/1Set-cloud-Cartoon-Baby-Wooden-Gym-Fitness-Frame-Rack-Hanging-Pendant-Toys-Kit-Toddler-Infant-Room.jpg_220x220.jpg,"https://ae04.alicdn.com/kf/Hf8deac8ffa5d48e5989d521980bb422aU.jpg,https://ae04.alicdn.com/kf/H4f87ab154f6d42d491ff3b11a7022a0dP.jpg,https://ae04.alicdn.com/kf/H22eebf3681a64a80bd49279b24add456g.jpg,https://ae04.alicdn.com/kf/He49f1589c5644894b7f07e5392beb985x.jpg,https://ae04.alicdn.com/kf/Hdc1cad233b4d4ad6a8e5c9ffcbf6296b6.jpg,",https://www.aliexpress.com/item/4001230486324.html,58.03,40.62,8.00%,,30%,https://s.click.aliexpress.com/e/_9hJQKY
Baby & Toddler Toys,100001698,1PC Baby Beech Wooden Rattle Wood Teething Teether Toys Montessori Rodent Ring Silicone Beads Chew Play Gym Stroller Toy,1005003133913854,https://ae01.alicdn.com/kf/Hc955f553922e4f5a933afb705ed846dcv/1PC-Baby-Beech-Wooden-Rattle-Wood-Teething-Teether-Toys-Montessori-Rodent-Ring-Silicone-Beads-Chew-Play.jpg_220x220.jpg,"https://ae04.alicdn.com/kf/Hc955f553922e4f5a933afb705ed846dcv.jpg,https://ae04.alicdn.com/kf/Hb32aa96310fd4165a252987c7b1eb57fl.jpg,https://ae04.alicdn.com/kf/H9d4f21fc268f45dd84b9064cdf53e20dF.jpg,https://ae04.alicdn.com/kf/H214536009b0c44eb959159b047463c79p.jpg,https://ae04.alicdn.com/kf/Hf31ee2228ec24cc6a133e9d7ec088a521.jpg,",https://www.aliexpress.com/item/1005003133913854.html,12.48,8.74,8.00%,,30%,https://s.click.aliexpress.com/e/_Amyq7S
Baby & Toddler Toys,100001698,1pc Baby Rattle Wooden Ring Bed Toys Teether Rabbit ears pure cotton material Child bites Comfort toys,1005001864045423,https://ae01.alicdn.com/kf/Hb40d70ccc52a4cdd969bf7633cc5aea0E/1pc-Baby-Rattle-Wooden-Ring-Bed-Toys-Teether-Rabbit-ears-pure-cotton-material-Child-bites-Comfort.jpg_220x220.jpg,"https://ae04.alicdn.com/kf/Hb40d70ccc52a4cdd969bf7633cc5aea0E.jpg,https://ae04.alicdn.com/kf/H669ff16c6afa42e0916e023e04d96120n.jpg,https://ae04.alicdn.com/kf/H85596699cfd14fad83ecc796f421a3447.jpg,https://ae04.alicdn.com/kf/H1e3c1a3981214aefa1a06d0b8dcab800g.jpg,https://ae04.alicdn.com/kf/H93d10ed9a21b44059b531d94a784b3abk.jpg,",https://www.aliexpress.com/item/1005001864045423.html,4.42,3.09,8.00%,,30%,https://s.click.aliexpress.com/e/_9JvLs0
Baby & Toddler Toys,100001698,Cute Whale Water Spray Sprinkler Bathroom Baby Bathing Toy Kids Sprinkling Shower Swimming Water Toys Kids Gift LED Induction,1005003545127801,https://ae01.alicdn.com/kf/H63f99851f6ec486db49e6e2bc4de0c51I/Cute-Whale-Water-Spray-Sprinkler-Bathroom-Baby-Bathing-Toy-Kids-Sprinkling-Shower-Swimming-Water-Toys-Kids.jpg_220x220.jpg,"https://ae04.alicdn.com/kf/H63f99851f6ec486db49e6e2bc4de0c51I.jpg,https://ae04.alicdn.com/kf/H9d9009ae756442bea370d5e06e4b8bedU.jpg,https://ae04.alicdn.com/kf/H5d54ced2e0484cf998301dc9e664ed1aG.jpg,https://ae04.alicdn.com/kf/H4040066058da4bfb953e292b627ab85cX.jpg,https://ae04.alicdn.com/kf/H4c7a6c218dee47188163c89b5856d196k.jpg,",https://www.aliexpress.com/item/1005003545127801.html,13.75,11.00,8.00%,,20%,https://s.click.aliexpress.com/e/_AS0yhI
Baby & Toddler Toys,100001698,Baby Hanger Baby Mobile Crib Hanger Frame Mobile DIY Crafts Baby Toys For Children Holder Arm Bracket Baby Rattle,4001153866150,https://ae01.alicdn.com/kf/H801422cc35f349e49d8555f40fca14e6W/Baby-Hanger-Baby-Mobile-Crib-Hanger-Frame-Mobile-DIY-Crafts-Baby-Toys-For-Children-Holder-Arm.jpg_220x220.jpg,"https://ae04.alicdn.com/kf/H801422cc35f349e49d8555f40fca14e6W.jpg,https://ae04.alicdn.com/kf/Hc5c3769552674bfe8482e71af5ad5dd7A.jpg,https://ae04.alicdn.com/kf/H88b5104c55374ccb9cb50e566f3a6515B.jpg,https://ae04.alicdn.com/kf/H6119bd135c794a3584290381dd64f2538.jpg,https://ae04.alicdn.com/kf/H1a2c1dc59edf4db597ffdfd74d83aef55.jpg,",https://www.aliexpress.com/item/4001153866150.html,19.99,13.99,8.00%,,30%,https://s.click.aliexpress.com/e/_Ammlek
Baby & Toddler Toys,100001698,Newborn Baby Toys 0-12 Months Plush Cartoon Animal Baby Rattle Early Educational Hand Stick Sounding Birthday Gifts BB Stick,1005003146753287,https://ae01.alicdn.com/kf/Hcefae455be064be09d6fdd7ec5c9e927c/Newborn-Baby-Toys-0-12-Months-Plush-Cartoon-Animal-Baby-Rattle-Early-Educational-Hand-Stick-Sounding.jpg_220x220.jpg,"https://ae04.alicdn.com/kf/Hcefae455be064be09d6fdd7ec5c9e927c.jpg,https://ae04.alicdn.com/kf/Hf19fe91788da44778df0b4525ac682122.jpg,https://ae04.alicdn.com/kf/H23d5fa7c0b644e9a83523eee77267e58B.jpg,https://ae04.alicdn.com/kf/Hc6a1c9721a1348ccbd5a80f3b1553773j.jpg,https://ae04.alicdn.com/kf/H7081551c45034aa69370d6a8da897b1eZ.jpg,",https://www.aliexpress.com/item/1005003146753287.html,42.00,42.00,12.00%,,0%,https://s.click.aliexpress.com/e/_AlMxH2
Baby & Toddler Toys,100001698,Light Up Bath Toys Baby Toddler Infant Kid Water Electric Sprayer Safe Battery Powered Bathtub Sprayer Toys For 3 Years Old Ki,1005003541440671,https://ae01.alicdn.com/kf/H0ea8cc926aeb4978960acd700db1fbcaf/Light-Up-Bath-Toys-Baby-Toddler-Infant-Kid-Water-Electric-Sprayer-Safe-Battery-Powered-Bathtub-Sprayer.jpg_220x220.jpg,"https://ae04.alicdn.com/kf/H0ea8cc926aeb4978960acd700db1fbcaf.jpg,https://ae04.alicdn.com/kf/Hcf770cfbb26740dbbfa4d2c83e9da7cbL.jpg,https://ae04.alicdn.com/kf/H5963f76683544a1083ca61c74d6a170ef.jpg,https://ae04.alicdn.com/kf/Hb41b2fd73ec5435796e57c2ed9057321K.jpg,https://ae04.alicdn.com/kf/H2fe9f63ec59149feb545e33bda3c428eQ.jpg,",https://www.aliexpress.com/item/1005003541440671.html,12.19,8.05,8.00%,,34%,https://s.click.aliexpress.com/e/_9gsVUs
Baby & Toddler Toys,100001698,Kids Bath Toys Elephant Shaped Water Spray for Infant Pretend Play Hobbies,1005003165950399,https://ae01.alicdn.com/kf/H3bf3e7e5099e477fb5cdc932a853e02ce/Kids-Bath-Toys-Elephant-Shaped-Water-Spray-for-Infant-Pretend-Play-Hobbies.jpg_220x220.jpg,"https://ae04.alicdn.com/kf/H3bf3e7e5099e477fb5cdc932a853e02ce.jpg,https://ae04.alicdn.com/kf/H6a8c026da5d144b29297191cc4ec8452q.jpg,https://ae04.alicdn.com/kf/H7647871b404c4848a3f1f70f0feea9ebl.jpg,https://ae04.alicdn.com/kf/Hd6b32a0a89f941a0aff7351117c31e14G.jpg,https://ae04.alicdn.com/kf/H38b1344dd5034de699a8a834c7e1d312r.jpg,",https://www.aliexpress.com/item/1005003165950399.html,1.05,0.59,10.00%,,44%,https://s.click.aliexpress.com/e/_Ae7r2c
Baby & Toddler Toys,100001698,Baby Cloth Book Infant Kids Intelligence Development Toy Interactive Hand Puppet Infant Ratteles Early Learning Cute Toy,1005003497294399,https://ae01.alicdn.com/kf/He3fe40a4097a4eeb8df8910ccab42c36u/Baby-Cloth-Book-Infant-Kids-Intelligence-Development-Toy-Interactive-Hand-Puppet-Infant-Ratteles-Early-Learning-Cute.jpg_220x220.jpg,"https://ae04.alicdn.com/kf/He3fe40a4097a4eeb8df8910ccab42c36u.jpg,https://ae04.alicdn.com/kf/H8d7ad6a262f943efb7cc571444cc36ffO.jpg,https://ae04.alicdn.com/kf/Ha24ce16a5c9947cd85b21c8438881717D.jpg,https://ae04.alicdn.com/kf/H5a9bc6ded03646dcb3adcf7d13dadf8az.jpg,https://ae04.alicdn.com/kf/H19ff4003dad64ff49772dafa2e81b875F.jpg,",https://www.aliexpress.com/item/1005003497294399.html,18.34,9.17,15.00%,,50%,https://s.click.aliexpress.com/e/_AdRtjA
Baby & Toddler Toys,100001698,1 random color wooden cage rattle toy music hand bell toy educational baby toy comforting parent-child toy baby toys,1005003546729003,https://ae01.alicdn.com/kf/H5cd85f3f15074a35a7224af4c9bf40f0D/1-random-color-wooden-cage-rattle-toy-music-hand-bell-toy-educational-baby-toy-comforting-parent.jpg_220x220.jpg,"https://ae04.alicdn.com/kf/H5cd85f3f15074a35a7224af4c9bf40f0D.jpg,https://ae04.alicdn.com/kf/Hf7716f5c3ab1458ea9939ab259fd5679Z.jpg,https://ae04.alicdn.com/kf/Hf74f1f29b5b54a5e8694e0036b7b6cda5.jpg,https://ae04.alicdn.com/kf/H290647ab77ce40449255bbe69347ee84G.jpg,https://ae04.alicdn.com/kf/H85a494af49024e159a0ff7b11ad1ca0aC.jpg,",https://www.aliexpress.com/item/1005003546729003.html,8.54,4.27,8.00%,,50%,https://s.click.aliexpress.com/e/_A3SUyk
Baby & Toddler Toys,100001698,Rattle Teether Toys for Babies Educational Baby Games Rattle Toys Teether for Teeth Newborns Baby Rattles Toys 0 12 Monthsclimb,1005003521826347,https://ae01.alicdn.com/kf/Hd03e3b78e528471287443f98487ec588Z/Rattle-Teether-Toys-for-Babies-Educational-Baby-Games-Rattle-Toys-Teether-for-Teeth-Newborns-Baby-Rattles.jpg_220x220.jpg,"https://ae04.alicdn.com/kf/Hd03e3b78e528471287443f98487ec588Z.jpg,https://ae04.alicdn.com/kf/H6bbe1672b8e0483e9d03b6400ca07fc4T.jpg,",https://www.aliexpress.com/item/1005003521826347.html,2.99,2.99,10.00%,,0%,https://s.click.aliexpress.com/e/_A1dgeY
Baby & Toddler Toys,100001698,Baby Cartoon Animal Music Play Bed Hanging Bell Infant Stroller Mobile Gift Baby Crib Rattle Toy Soft Cute Rabbit Bear Bell Toy,1005003165880881,https://ae01.alicdn.com/kf/H41e6ccfafc8d4fe5b8bb5b2f89f7e6289/Baby-Cartoon-Animal-Music-Play-Bed-Hanging-Bell-Infant-Stroller-Mobile-Gift-Baby-Crib-Rattle-Toy.jpg_220x220.jpg,"https://ae04.alicdn.com/kf/H41e6ccfafc8d4fe5b8bb5b2f89f7e6289.jpg,https://ae04.alicdn.com/kf/Hbcb616310d0c4b71b320207233ae436f5.jpg,https://ae04.alicdn.com/kf/H7e4a9d995fb74cf889a5a22bc5cd3333j.jpg,https://ae04.alicdn.com/kf/H777327ed86c848899de31dead661843ei.jpg,https://ae04.alicdn.com/kf/Hf331caaa1a204ae99fa9b07622b183c3o.jpg,",https://www.aliexpress.com/item/1005003165880881.html,5.68,3.18,10.00%,,44%,https://s.click.aliexpress.com/e/_9JEkDW
Baby & Toddler Toys,100001698,4pcs/Set Baby Bath Toy Set Baby Blanket  Wooden Brush Milestones Rattle Bracelet Baby Bath Gift Products For Kids Birthday Gift ,1005003546147167,https://ae01.alicdn.com/kf/H881e6fd14f474b7c9d90639d7623ccd9Z/4pcs-Set-Baby-Bath-Toy-Set-Baby-Blanket-Wooden-Brush-Milestones-Rattle-Bracelet-Baby-Bath-Gift.jpg_220x220.jpg,"https://ae04.alicdn.com/kf/H881e6fd14f474b7c9d90639d7623ccd9Z.jpg,https://ae04.alicdn.com/kf/H62530594b81e4964a698cf96ba4cfe51P.jpg,https://ae04.alicdn.com/kf/H579da2f67ed84e62b63107ba11cd6cfeM.jpg,https://ae04.alicdn.com/kf/H520df3d636e1440e8612bcae9ef9a267i.jpg,https://ae04.alicdn.com/kf/Hbadc0e1a907a44a786fc49a9ae2210a3v.jpg,",https://www.aliexpress.com/item/1005003546147167.html,15.62,10.93,10.00%,,30%,https://s.click.aliexpress.com/e/_A0tiY4
Baby & Toddler Toys,100001698,Baby Toys Cartoon Music Box Five-pointed Star Moon Music Wind Chime Pendant Baby Rattle Sounding Car Suspension  Bed Hanging,1005003143673762,https://ae01.alicdn.com/kf/Hdfc7b90e878148eca3cdf1059a816bd40/Baby-Toys-Cartoon-Music-Box-Five-pointed-Star-Moon-Music-Wind-Chime-Pendant-Baby-Rattle-Sounding.jpg_220x220.jpg,"https://ae04.alicdn.com/kf/Hdfc7b90e878148eca3cdf1059a816bd40.jpg,https://ae04.alicdn.com/kf/H4c3aa08e9e2b4f7aa82847cf52f71a4fM.jpg,https://ae04.alicdn.com/kf/H26f8bf33108a46409f0a2a0771acf8b3i.jpg,https://ae04.alicdn.com/kf/H79a1af11871c4840b5a8a1cb62ee767ef.jpg,https://ae04.alicdn.com/kf/H4811f580528840598509916c1a35993ed.jpg,",https://www.aliexpress.com/item/1005003143673762.html,82.00,82.00,21.00%,,0%,https://s.click.aliexpress.com/e/_AWPLfm
Baby & Toddler Toys,100001698,Baby Classic Toys Animal Handbells Developmental Toys Bed Bells Kids Baby Soft Toys Rattle Lovely Soft Mobiles,1005003165948400,https://ae01.alicdn.com/kf/H5bd9e03b80dc4096b0e6cdda3b21e3faT/Baby-Classic-Toys-Animal-Handbells-Developmental-Toys-Bed-Bells-Kids-Baby-Soft-Toys-Rattle-Lovely-Soft.jpg_220x220.jpg,"https://ae04.alicdn.com/kf/H5bd9e03b80dc4096b0e6cdda3b21e3faT.jpg,https://ae04.alicdn.com/kf/H5ab42a7cf24343f2b83487d7ddc1b12e6.jpg,https://ae04.alicdn.com/kf/H545904a333534f01a675d280e05dc9b12.jpg,https://ae04.alicdn.com/kf/Hfa5752feb1cf4b2489de0156639987ecz.jpg,https://ae04.alicdn.com/kf/H19b9c430f35c4a64ab76757b62a005eaH.jpg,",https://www.aliexpress.com/item/1005003165948400.html,1.07,0.60,20.00%,,44%,https://s.click.aliexpress.com/e/_9yTHik
Baby & Toddler Toys,100001698,Cartoon Animal Wind Up Chain Clockwork Bath Toy for Infant Bathroom Shower Game Gifts Early Education Supplies,1005003523863375,https://ae01.alicdn.com/kf/Hdb152ec8b2c44b22a6b3f11482b4701aW/Cartoon-Animal-Wind-Up-Chain-Clockwork-Bath-Toy-for-Infant-Bathroom-Shower-Game-Gifts-Early-Education.jpg_220x220.jpg,"https://ae04.alicdn.com/kf/Hdb152ec8b2c44b22a6b3f11482b4701aW.jpg,https://ae04.alicdn.com/kf/Heaafa66f33ab43fd9c11bf915f268b64z.jpg,https://ae04.alicdn.com/kf/He69e692fa9e14a1ba2c2d65ec3267fc80.jpg,https://ae04.alicdn.com/kf/H0253177fa3314218bd3501034f1092b6E.jpg,https://ae04.alicdn.com/kf/Haa4ad785578d47ec9bc9e2a5172b85e7k.jpg,",https://www.aliexpress.com/item/1005003523863375.html,14.84,7.42,15.00%,,50%,https://s.click.aliexpress.com/e/_AXHqZI
Baby & Toddler Toys,100001698,Cute Activity Musical Spiral Crib Stroller Car Seat Travel Hanging Toys Baby Boys Girls Rattles Toy,1005003334313894,https://ae01.alicdn.com/kf/Hd071adfaae134dcf87ea4042447e74dbd/Cute-Activity-Musical-Spiral-Crib-Stroller-Car-Seat-Travel-Hanging-Toys-Baby-Boys-Girls-Rattles-Toy.jpg_220x220.jpg,"https://ae04.alicdn.com/kf/Hd071adfaae134dcf87ea4042447e74dbd.jpg,https://ae04.alicdn.com/kf/H33f8e953a91f4604afe5c5f891cb68b8X.jpg,https://ae04.alicdn.com/kf/H6ec1a79f510748dc97c2d0eb1c19bda3C.jpg,https://ae04.alicdn.com/kf/H9dc6983604014450a6e74c4efa80af60r.jpg,https://ae04.alicdn.com/kf/H1828862a5c9b42fd8a21653c597b7920I.jpg,",https://www.aliexpress.com/item/1005003334313894.html,3.45,1.93,15.00%,,44%,https://s.click.aliexpress.com/e/_9zvg8G
Baby & Toddler Toys,100001698,1Pcs Rattle and Foot Socks Hand Grip Grasp Animal Socks Infant Baby Kids Socks Rattle Toys 0-24 Months Kids Toys,1005002822454437,https://ae01.alicdn.com/kf/H192f72a835a242d68c30346f19ecc43er/1Pcs-Rattle-and-Foot-Socks-Hand-Grip-Grasp-Animal-Socks-Infant-Baby-Kids-Socks-Rattle-Toys.jpg_220x220.jpg,"https://ae04.alicdn.com/kf/H192f72a835a242d68c30346f19ecc43er.jpg,https://ae04.alicdn.com/kf/H785f2bc4c50146e586baa5a9b14b3ed06.jpg,https://ae04.alicdn.com/kf/H8b6abd0080df4f3c81f80212a5f48010E.jpg,https://ae04.alicdn.com/kf/H9d05bbe53e4247b083580d2f228bf2beE.jpg,https://ae04.alicdn.com/kf/Hb22783f1fe0a460c9c186e29c7e9ff3eg.jpg,",https://www.aliexpress.com/item/1005002822454437.html,6.43,3.21,15.00%,,50%,https://s.click.aliexpress.com/e/_9f8YCc
Baby & Toddler Toys,100001698,"3 pieces/pack of baby rotating bath toys, children's bathing rotating sucker toys bath toys for toddlers  toddler toys",1005003547325488,https://ae01.alicdn.com/kf/H52c54a6ca2354ffe914759c7e34e3088Y/3-pieces-pack-of-baby-rotating-bath-toys-children-s-bathing-rotating-sucker-toys-bath-toys.jpg_220x220.jpg,"https://ae04.alicdn.com/kf/H52c54a6ca2354ffe914759c7e34e3088Y.jpg,https://ae04.alicdn.com/kf/H61acc423c68d49c2ba0fddf173a3efba6.jpg,https://ae04.alicdn.com/kf/H59057262f99f4677b51f4911a3f4e346B.jpg,https://ae04.alicdn.com/kf/H717bb43f14c64ceaa9a1cf75d1863f5bV.jpg,https://ae04.alicdn.com/kf/H7cc4362deb574542a32cdd37cea0b998R.jpg,",https://www.aliexpress.com/item/1005003547325488.html,18.33,9.16,8.00%,,50%,https://s.click.aliexpress.com/e/_AkgQsy
Baby & Toddler Toys,100001698,Newborn Baby Bells Plush Bed Rattle Stroller Crib Cartoon Animal Hanging Wind Chime Early Education Training Toy,1005003448363418,https://ae01.alicdn.com/kf/Hd339ceed6573480ba894642065c38eb70/Newborn-Baby-Bells-Plush-Bed-Rattle-Stroller-Crib-Cartoon-Animal-Hanging-Wind-Chime-Early-Education-Training.jpg_220x220.jpg,"https://ae04.alicdn.com/kf/Hd339ceed6573480ba894642065c38eb70.jpg,https://ae04.alicdn.com/kf/H1aa4a07dc71d47faaa961d472d2bc981A.jpg,https://ae04.alicdn.com/kf/H1bc62fc5f43c46018ec346d25b37a41dS.jpg,https://ae04.alicdn.com/kf/H481703c9706b414cac0255c44fa9e2b9X.jpg,https://ae04.alicdn.com/kf/Hacf232bc17a748e7ae779f35f300d8b85.jpg,",https://www.aliexpress.com/item/1005003448363418.html,11.54,5.77,15.00%,,50%,https://s.click.aliexpress.com/e/_AAWxne
Baby & Toddler Toys,100001698,Animal digital soft building blocks baby squeeze bath toys cognitive relief soft building blocks educational creative toys,1005003546601520,https://ae01.alicdn.com/kf/H1548f56202da49ada64ac884fb1b05e1U/Animal-digital-soft-building-blocks-baby-squeeze-bath-toys-cognitive-relief-soft-building-blocks-educational-creative.jpg_220x220.jpg,"https://ae04.alicdn.com/kf/H1548f56202da49ada64ac884fb1b05e1U.jpg,https://ae04.alicdn.com/kf/Hb09adb73fce04db989bcbcf3221fd925H.jpg,https://ae04.alicdn.com/kf/H23b3a48eb62f497899ecc6a515a5698f6.jpg,https://ae04.alicdn.com/kf/H5a103cf7aed946f0abe6e3ac61d0efaep.jpg,https://ae04.alicdn.com/kf/H6e71fdde8ecf4d1fa73b298268768391r.jpg,",https://www.aliexpress.com/item/1005003546601520.html,22.38,14.10,8.00%,,37%,https://s.click.aliexpress.com/e/_9znjo0
Baby & Toddler Toys,100001698,Cartoon Animal Wind-Up Clockwork Bath Toy Dragging Sprinkler Shower Toy Sprinkler Supplies Kids Bedroom Decoration,1005003523874271,https://ae01.alicdn.com/kf/Hc0cd7ea146b34105a655f2aac25cca47c/Cartoon-Animal-Wind-Up-Clockwork-Bath-Toy-Dragging-Sprinkler-Shower-Toy-Sprinkler-Supplies-Kids-Bedroom-Decoration.jpg_220x220.jpg,"https://ae04.alicdn.com/kf/Hc0cd7ea146b34105a655f2aac25cca47c.jpg,https://ae04.alicdn.com/kf/H32496e9470f14ca196e2cabe4dea63f84.jpg,https://ae04.alicdn.com/kf/H8e336da63f184974876acc93bdb1d9c7A.jpg,https://ae04.alicdn.com/kf/H1c2ba21be38742659a831a0fc7b0b6e42.jpg,https://ae04.alicdn.com/kf/Hda016083451147a0921b17920088b6e2j.jpg,",https://www.aliexpress.com/item/1005003523874271.html,7.78,3.89,15.00%,,50%,https://s.click.aliexpress.com/e/_AK4F1K
Baby & Toddler Toys,100001698,Kid Early Education Baby Crawl Toy for 0-1 Year Old Infants 6-12-18 Months Children Puzzle Electric Toddlers Learn To Climb Toys,1005003274698937,https://ae01.alicdn.com/kf/H98d9ff13b5d14d7bbaa2f97737511e7dg/Kid-Early-Education-Baby-Crawl-Toy-for-0-1-Year-Old-Infants-6-12-18-Months.jpg_220x220.jpg,"https://ae04.alicdn.com/kf/H98d9ff13b5d14d7bbaa2f97737511e7dg.jpg,https://ae04.alicdn.com/kf/Hd02897d9d40a457099c746a3d1ab66b97.jpg,https://ae04.alicdn.com/kf/H65a104c41b14408e91498017b66a1beao.jpg,https://ae04.alicdn.com/kf/Hfc3b705c44644f92b0adb5a102695ee8E.jpg,https://ae04.alicdn.com/kf/Ha73f77831c63452e974195d7d07891a2r.jpg,",https://www.aliexpress.com/item/1005003274698937.html,19.44,11.47,20.00%,,41%,https://s.click.aliexpress.com/e/_AsyoWg
Baby & Toddler Toys,100001698,Floating Light Net Luminous Frogs Baby Bath Toys Induction Fishing Water Bathing Swimming Kit Baby Toddler Bath Toys,1005002781132654,https://ae01.alicdn.com/kf/Hf8e191de42724a4dae5189be25ad587dF/Floating-Light-Net-Luminous-Frogs-Baby-Bath-Toys-Induction-Fishing-Water-Bathing-Swimming-Kit-Baby-Toddler.jpg_220x220.jpg,"https://ae04.alicdn.com/kf/Hf8e191de42724a4dae5189be25ad587dF.jpg,https://ae04.alicdn.com/kf/H3991632c75794a89a4425bdf21affd09Z.jpg,https://ae04.alicdn.com/kf/H703ee69e8d2048a3aa527b46dab41460H.jpg,https://ae04.alicdn.com/kf/Hec74fd1a266c4a349e2cb6003117656ck.jpg,https://ae04.alicdn.com/kf/H7e18d96cb1954826baddc7bf255c3dc51.jpg,",https://www.aliexpress.com/item/1005002781132654.html,21.10,10.55,15.00%,,50%,https://s.click.aliexpress.com/e/_9fa6ZA
Baby & Toddler Toys,100001698,Baby Children Kids Educational Toy Stacking Toy Figures Letters Folding Cup Pagoda Hot,1005003165943512,https://ae01.alicdn.com/kf/H289fa4bc02084d98a0509f6919de83a2N/Baby-Children-Kids-Educational-Toy-Stacking-Toy-Figures-Letters-Folding-Cup-Pagoda-Hot.jpg_220x220.jpg,"https://ae04.alicdn.com/kf/H289fa4bc02084d98a0509f6919de83a2N.jpg,https://ae04.alicdn.com/kf/Hc108a8987872420d95ae77daeba7f29dx.jpg,https://ae04.alicdn.com/kf/H65564762df8b4fc59ed0ca25c1ec35c33.jpg,https://ae04.alicdn.com/kf/Hf6a4fea072914ed682ffdb7c0b36b6b8o.jpg,https://ae04.alicdn.com/kf/Hd066f5de3457405286caf6111366666cg.jpg,",https://www.aliexpress.com/item/1005003165943512.html,5.58,3.12,10.00%,,44%,https://s.click.aliexpress.com/e/_A2IXPI
Baby & Toddler Toys,100001698,6pcs Colorful Stacking Cups Baby Ring Tower Building Block Stacking Cup Early Education Interesting Bath Toys,1005003442298767,https://ae01.alicdn.com/kf/Hc44ba60c812c475e8cc8f3f8eccb55c2X/6pcs-Colorful-Stacking-Cups-Baby-Ring-Tower-Building-Block-Stacking-Cup-Early-Education-Interesting-Bath-Toys.jpg_220x220.jpg,"https://ae04.alicdn.com/kf/Hc44ba60c812c475e8cc8f3f8eccb55c2X.jpg,https://ae04.alicdn.com/kf/H834690a68fa1428a911d7ae5212509bcN.jpg,https://ae04.alicdn.com/kf/H0f81ebab74804c5dbdaa91ab67846fa6v.jpg,https://ae04.alicdn.com/kf/Hd8f3a8b9902b49a7a636de0c9c01030fF.jpg,https://ae04.alicdn.com/kf/Hba36dd56e05d4514a9273490a7527d54Z.jpg,",https://www.aliexpress.com/item/1005003442298767.html,15.16,7.58,15.00%,,50%,https://s.click.aliexpress.com/e/_A9wzgg
Baby & Toddler Toys,100001698,Infant Baby Kids Socks Rattle Toys Baby Toys 0-12 Months Newborn Cartoon Animal Plush Socks Wrist Strap Rattle For Boy Girl Gift,1005003529542147,https://ae01.alicdn.com/kf/Hf5e77c50bb174bfc90d2f23d433d797eD/Infant-Baby-Kids-Socks-Rattle-Toys-Baby-Toys-0-12-Months-Newborn-Cartoon-Animal-Plush-Socks.jpg_220x220.jpg,"https://ae04.alicdn.com/kf/Hf5e77c50bb174bfc90d2f23d433d797eD.jpg,https://ae04.alicdn.com/kf/H335b2dc2ba28473b80f6d9d413069ec1J.jpg,",https://www.aliexpress.com/item/1005003529542147.html,1.80,1.15,10.00%,,36%,https://s.click.aliexpress.com/e/_AkBawY
Baby & Toddler Toys,100001698,Plastic Floating Toys Vinyl Colorful Cat Fishing Set Water Spray Animals Kids Bathroom Bath Toys Supplies Accessories,1005003454622666,https://ae01.alicdn.com/kf/H2d878e42e8df4e2ab5363dccbcc2ec57l/Plastic-Floating-Toys-Vinyl-Colorful-Cat-Fishing-Set-Water-Spray-Animals-Kids-Bathroom-Bath-Toys-Supplies.jpg_220x220.jpg,"https://ae04.alicdn.com/kf/H2d878e42e8df4e2ab5363dccbcc2ec57l.jpg,https://ae04.alicdn.com/kf/Hc4211c77af3e42909b976c99bd26c8a4q.jpg,https://ae04.alicdn.com/kf/H9baeeee968844af2819f1f79a73b3335o.jpg,https://ae04.alicdn.com/kf/H8f725557f9e54bcbaf0b8108ed8f0db5O.jpg,https://ae04.alicdn.com/kf/H3a57d3a7c6214618a0d9d4d6a2c6a6f5E.jpg,",https://www.aliexpress.com/item/1005003454622666.html,16.92,8.46,15.00%,,50%,https://s.click.aliexpress.com/e/_AXFtlS
Baby & Toddler Toys,100001698,Electric fish swimming magic baby bath toy automatic induction machine fish flash transparent toy,1005003262957186,https://ae01.alicdn.com/kf/H0e97f7b0425a4aaab276176776e4d330n/Electric-fish-swimming-magic-baby-bath-toy-automatic-induction-machine-fish-flash-transparent-toy.jpg_220x220.jpg,"https://ae04.alicdn.com/kf/H0e97f7b0425a4aaab276176776e4d330n.jpg,https://ae04.alicdn.com/kf/H84c0c9ebdeb64548931e501caba98b3aC.jpg,https://ae04.alicdn.com/kf/H3ee39478c8c4421aa3558c8d448a8ed4B.jpg,https://ae04.alicdn.com/kf/Hce0084ffbf174c7b97b4bbb3343cfbdbP.jpg,https://ae04.alicdn.com/kf/Hafb62817b88a4c52ab105d29dc3e601fM.jpg,",https://www.aliexpress.com/item/1005003262957186.html,7.90,4.66,20.00%,,41%,https://s.click.aliexpress.com/e/_AP9HFQ
Baby & Toddler Toys,100001698,4pcs/SetBaby Bath Toy Set Gifts Box Double Sided Cotton Blanket Wooden Rattle Brushs Bracelet Crochet Baby Bath Birthday Gift ,1005003547861703,https://ae01.alicdn.com/kf/H277a443eac024f00a917325abcebe6f6V/4pcs-SetBaby-Bath-Toy-Set-Gifts-Box-Double-Sided-Cotton-Blanket-Wooden-Rattle-Brushs-Bracelet-Crochet.jpg_220x220.jpg,"https://ae04.alicdn.com/kf/H277a443eac024f00a917325abcebe6f6V.jpg,https://ae04.alicdn.com/kf/Hba403959740448af8a5da9918dd470fdq.jpg,https://ae04.alicdn.com/kf/H6f8aef22bc254ec7a625a25a24d647c40.jpg,https://ae04.alicdn.com/kf/H61503b0309e746efa8e599249372400ea.jpg,https://ae04.alicdn.com/kf/H8ae2472ff6c44c7493bb8b78a1547b7ev.jpg,",https://www.aliexpress.com/item/1005003547861703.html,15.62,10.93,10.00%,,30%,https://s.click.aliexpress.com/e/_9Hipmy
Baby & Toddler Toys,100001698,Newborn Baby Toy Rattle Hanging Plush Lovely Cartoon Animal Bell Newborn Stroller 0-12 Months Baby Teether Toys Christmas Gift,1005003529495918,https://ae01.alicdn.com/kf/H9ec6f889f30140fbbc7da733f1267472p/Newborn-Baby-Toy-Rattle-Hanging-Plush-Lovely-Cartoon-Animal-Bell-Newborn-Stroller-0-12-Months-Baby.jpg_220x220.jpg,"https://ae04.alicdn.com/kf/H9ec6f889f30140fbbc7da733f1267472p.jpg,https://ae04.alicdn.com/kf/H1bb0718422dc468981eb180f87a2ead1b.jpg,https://ae04.alicdn.com/kf/H83080d67c9cd4730840d3872d65c1dff6.jpg,https://ae04.alicdn.com/kf/H1e6129c1ba9a493691b1b3c0948d3cbbU.jpg,https://ae04.alicdn.com/kf/H47479349368349009ac5cfef7057923cW.jpg,",https://www.aliexpress.com/item/1005003529495918.html,2.80,2.80,10.00%,,0%,https://s.click.aliexpress.com/e/_A9pa4M
Baby & Toddler Toys,100001698,New Fashion Baby Kids Girl Bunny Shoulder Bag Cute Animal Storage Crossbody Messenger Bags Handbag Kids Gifts,1005003334425229,https://ae01.alicdn.com/kf/H65b4b502d02f4d81970281821c4b9a3dV/New-Fashion-Baby-Kids-Girl-Bunny-Shoulder-Bag-Cute-Animal-Storage-Crossbody-Messenger-Bags-Handbag-Kids.jpg_220x220.jpg,"https://ae04.alicdn.com/kf/H65b4b502d02f4d81970281821c4b9a3dV.jpg,https://ae04.alicdn.com/kf/H4c899e63773f4d368a772b2ef6759641B.jpg,https://ae04.alicdn.com/kf/Hf14f1fc926ee428fbd6b972bf6364320c.jpg,https://ae04.alicdn.com/kf/H9a966925481c401c91b3c320291944467.jpg,https://ae04.alicdn.com/kf/Hd938eeec46ef49d19e5dfa9825cf774eF.jpg,",https://www.aliexpress.com/item/1005003334425229.html,1.42,0.80,10.00%,,44%,https://s.click.aliexpress.com/e/_Ad5MrK
Baby & Toddler Toys,100001698,Baby Bath DIY Toys Wall Suction Cup Marble Race Run Track Bathroom Bathtub Kids Play Water Games Toy Set for Children,1005003323342625,https://ae01.alicdn.com/kf/Hb67ef141db3347358b2fabca54e6ab4dd/Baby-Bath-DIY-Toys-Wall-Suction-Cup-Marble-Race-Run-Track-Bathroom-Bathtub-Kids-Play-Water.jpg_220x220.jpg,"https://ae04.alicdn.com/kf/Hb67ef141db3347358b2fabca54e6ab4dd.jpg,https://ae04.alicdn.com/kf/Hdf4422b361a6439f8d0ff9b992e1fdac0.jpg,https://ae04.alicdn.com/kf/H0517da91edf4456babf086d80fad85923.jpg,https://ae04.alicdn.com/kf/H28dd4289eee24db8adc12695733617d4q.jpg,https://ae04.alicdn.com/kf/H90aaf18b02964af78fd39395c9dd7cacR.jpg,",https://www.aliexpress.com/item/1005003323342625.html,25.74,15.19,20.00%,,41%,https://s.click.aliexpress.com/e/_AtYmde
Baby & Toddler Toys,100001698,"Enlightenment for infants and young children, large soft plastic changeable building blocks, children's toys and gifts",1005003547226968,https://ae01.alicdn.com/kf/Hd206b27ceea74a43a1ce44156367531cf/Enlightenment-for-infants-and-young-children-large-soft-plastic-changeable-building-blocks-children-s-toys-and.jpg_220x220.jpg,"https://ae04.alicdn.com/kf/Hd206b27ceea74a43a1ce44156367531cf.jpg,https://ae04.alicdn.com/kf/Hdf1ebb621dc045c4ae0b19bfd9a72770I.jpg,https://ae04.alicdn.com/kf/H05f5f340594b4df1a4fa1ec71ab0387cL.jpg,https://ae04.alicdn.com/kf/H8ca0299c2a92457ea589bbb41de32c1eO.jpg,https://ae04.alicdn.com/kf/H7b4d583da15840c9a120494575fdf2622.jpg,",https://www.aliexpress.com/item/1005003547226968.html,25.38,13.20,8.00%,,48%,https://s.click.aliexpress.com/e/_9IOm72
Baby & Toddler Toys,100001698,Foam Baby Play Mat Toys For Children's Mat Kids Rug Playmat Developing Mat Rubber Eva Puzzles Foam Play 4 Nursery DropShipping,32432733047,https://ae01.alicdn.com/kf/HTB1bWltKVXXXXXtXVXXq6xXFXXXy/Foam-Baby-Play-Mat-Toys-For-Children-s-Mat-Kids-Rug-Playmat-Developing-Mat-Rubber-Eva.jpg_220x220.jpg,"https://ae04.alicdn.com/kf/HTB1bWltKVXXXXXtXVXXq6xXFXXXy.jpg,https://ae04.alicdn.com/kf/HTB1cMg0KVXXXXXgapXXq6xXFXXXA.jpg,https://ae04.alicdn.com/kf/HTB1ytc_KVXXXXccXVXXq6xXFXXXK.jpg,https://ae04.alicdn.com/kf/HTB1zA8mClmWBuNkSndVq6AsApXa9.jpg,https://ae04.alicdn.com/kf/HTB1_t4BMXXXXXcLXXXXq6xXFXXX7.jpg,",https://www.aliexpress.com/item/32432733047.html,21.80,9.81,8.00%,,55%,https://s.click.aliexpress.com/e/_98adz6
Baby & Toddler Toys,100001698,Baby Play Mat Developing Rug Puzzle Mat Mats Kids Rug Mat for Children Kids Toys For Newborns Eva Foam Carpets Baby Toys playmat,32431349276,https://ae01.alicdn.com/kf/HTB14nzNiOAKL1JjSZFoq6ygCFXav/Baby-Play-Mat-Developing-Rug-Puzzle-Mat-Mats-Kids-Rug-Mat-for-Children-Kids-Toys-For.jpg_220x220.jpg,"https://ae04.alicdn.com/kf/HTB14nzNiOAKL1JjSZFoq6ygCFXav.jpg,https://ae04.alicdn.com/kf/HTB1lwcaNFXXXXXDXVXXq6xXFXXXt.jpg,https://ae04.alicdn.com/kf/HTB1.BqucDJ_SKJjSZPiq6z3LpXa2.jpg,https://ae04.alicdn.com/kf/HTB1el1.iiFTMKJjSZFAq6AkJpXaN.jpg,https://ae04.alicdn.com/kf/HTB1frIaaW_ST1JjSZFqq6AQxFXah.jpg,",https://www.aliexpress.com/item/32431349276.html,18.78,9.39,8.00%,,50%,https://s.click.aliexpress.com/e/_ATOHdE
Baby & Toddler Toys,100001698,Music Mat Children Game blanket Colour Kids Baby Animal Piano Musical Touch Playmat Singing Gym Carpet Gift Play 4 DropShipping,32384430545,https://ae01.alicdn.com/kf/HTB12wVAKVXXXXazXFXXq6xXFXXX3/Music-Mat-Children-Game-blanket-Colour-Kids-Baby-Animal-Piano-Musical-Touch-Playmat-Singing-Gym-Carpet.jpg_220x220.jpg,"https://ae04.alicdn.com/kf/HTB12wVAKVXXXXazXFXXq6xXFXXX3.jpg,https://ae04.alicdn.com/kf/HTB1FmlUNVXXXXc9XpXXq6xXFXXXo.jpg,https://ae04.alicdn.com/kf/HTB1bMpRKVXXXXXuXXXXq6xXFXXX1.jpg,https://ae04.alicdn.com/kf/HTB1.B4wKVXXXXXkXVXXq6xXFXXXb.jpg,https://ae04.alicdn.com/kf/HTB1Nk4uKVXXXXX3XVXXq6xXFXXXm.jpg,",https://www.aliexpress.com/item/32384430545.html,18.98,9.49,8.00%,,50%,https://s.click.aliexpress.com/e/_AM9oPw
Baby & Toddler Toys,100001698,Baby Play Mat Toys For Children's Mat Kids Rug Playmat Developing Mat Eva Foam Puzzles Foam Carpets in The Nursery DropShipping,32844163848,https://ae01.alicdn.com/kf/HTB1fb_0KeGSBuNjSspbq6AiipXaA/Baby-Play-Mat-Toys-For-Children-s-Mat-Kids-Rug-Playmat-Developing-Mat-Eva-Foam-Puzzles.jpg_220x220.jpg,"https://ae04.alicdn.com/kf/HTB1fb_0KeGSBuNjSspbq6AiipXaA.jpg,https://ae04.alicdn.com/kf/HTB1389.aQfb_uJkSmRyq6zWxVXa6.jpg,https://ae04.alicdn.com/kf/HTB1AUgzvlsmBKNjSZFFq6AT9VXaj.jpg,https://ae04.alicdn.com/kf/HTB1IZw6tNSYBuNjSsphq6zGvVXak.jpg,https://ae04.alicdn.com/kf/HTB1SMRdt1SSBuNjy0Flq6zBpVXaA.jpg,",https://www.aliexpress.com/item/32844163848.html,18.78,9.39,8.00%,,50%,https://s.click.aliexpress.com/e/_A6oLYs
Baby & Toddler Toys,100001698,Playmat Baby Play Mat Toys For Children's Mat Rug Kids Developing Mat Rubber Eva Foam Play 4 Puzzles Foam Carpets DropShipping,32835714326,https://ae01.alicdn.com/kf/HTB1sNuncRE_1uJjSZFOq6xNwXXan/Playmat-Baby-Play-Mat-Toys-For-Children-s-Mat-Rug-Kids-Developing-Mat-Rubber-Eva-Foam.jpg_220x220.jpg,"https://ae04.alicdn.com/kf/HTB1sNuncRE_1uJjSZFOq6xNwXXan.jpg,https://ae04.alicdn.com/kf/HTB1Nqbwq93PL1JjSZFxq6ABBVXaV.jpg,https://ae04.alicdn.com/kf/HTB1Smc2lrsTMeJjSszdq6AEupXaq.jpg,https://ae04.alicdn.com/kf/HTB12C8nadPJ3eJjSZFLq6yb3FXaG.jpg,https://ae04.alicdn.com/kf/HTB1axxzt41YBuNjy1zcq6zNcXXat.jpg,",https://www.aliexpress.com/item/32835714326.html,20.88,9.40,8.00%,,55%,https://s.click.aliexpress.com/e/_ACKOio
Baby & Toddler Toys,100001698,New Fashion Baby Kids Girl Bunny Shoulder Bag Cute Animal Storage Crossbody Messenger Bags Handbag Kids Gifts,1005003334425229,https://ae01.alicdn.com/kf/H65b4b502d02f4d81970281821c4b9a3dV/New-Fashion-Baby-Kids-Girl-Bunny-Shoulder-Bag-Cute-Animal-Storage-Crossbody-Messenger-Bags-Handbag-Kids.jpg_220x220.jpg,"https://ae04.alicdn.com/kf/H65b4b502d02f4d81970281821c4b9a3dV.jpg,https://ae04.alicdn.com/kf/H4c899e63773f4d368a772b2ef6759641B.jpg,https://ae04.alicdn.com/kf/Hf14f1fc926ee428fbd6b972bf6364320c.jpg,https://ae04.alicdn.com/kf/H9a966925481c401c91b3c320291944467.jpg,https://ae04.alicdn.com/kf/Hd938eeec46ef49d19e5dfa9825cf774eF.jpg,",https://www.aliexpress.com/item/1005003334425229.html,1.42,0.80,10.00%,,44%,https://s.click.aliexpress.com/e/_9RYuna
Baby & Toddler Toys,100001698,Baby Play Mat Toys For Children's Mat Developing Carpets  Rug Playmat Baby Toys Children's Rug Eva Foam Puzzles  DropShipping 4,32384394683,https://ae01.alicdn.com/kf/HTB1gDZZMXXXXXaLXXXXq6xXFXXXe/Baby-Play-Mat-Toys-For-Children-s-Mat-Developing-Carpets-Rug-Playmat-Baby-Toys-Children-s.jpg_220x220.jpg,"https://ae04.alicdn.com/kf/HTB1gDZZMXXXXXaLXXXXq6xXFXXXe.jpg,https://ae04.alicdn.com/kf/HTB1G1MhMXXXXXa.aXXXq6xXFXXXT.jpg,https://ae04.alicdn.com/kf/HTB1.7oOMXXXXXbvXXXXq6xXFXXX0.jpg,https://ae04.alicdn.com/kf/HTB12qZLMXXXXXcZXXXXq6xXFXXX4.jpg,https://ae04.alicdn.com/kf/HTB1FaIzMXXXXXbeXFXXq6xXFXXXw.jpg,",https://www.aliexpress.com/item/32384394683.html,19.98,9.99,8.00%,,50%,https://s.click.aliexpress.com/e/_A5xZw8
Baby & Toddler Toys,100001698,Kids Thick Town City Traffic Baby Crawling mat EVA Foam Climbing Pad Green Road Children's Play Mat Carpet for Baby Toys,32934539077,https://ae01.alicdn.com/kf/HTB1zALwXcvrK1Rjy0Feq6ATmVXa2/Kids-Thick-Town-City-Traffic-Baby-Crawling-mat-EVA-Foam-Climbing-Pad-Green-Road-Children-s.jpg_220x220.jpg,"https://ae04.alicdn.com/kf/HTB1zALwXcvrK1Rjy0Feq6ATmVXa2.jpg,https://ae04.alicdn.com/kf/HTB1ZmUEdNjaK1RjSZKzq6xVwXXau.jpg,https://ae04.alicdn.com/kf/HTB1iN6wXjDuK1RjSszdq6xGLpXaV.jpg,https://ae04.alicdn.com/kf/HTB1m26vXfLsK1Rjy0Fbq6xSEXXaC.jpg,https://ae04.alicdn.com/kf/HTB10oMldHvpK1RjSZPiq6zmwXXa7.jpg,",https://www.aliexpress.com/item/32934539077.html,19.98,9.99,8.00%,,50%,https://s.click.aliexpress.com/e/_AnkdrO
