Category Name,CategoryID,Product Name,ProductID,Product Image Url,allImageUrls(5<),Product Url,originalPrice($),salePrice($),Commission Rate,Out of Stock Date,Discount,Click url
Hoodies & Sweatshirts,200000348,aesthetic bear anime hoodie women korean crewneck long sleeve oversized streetwear winter clothes topss,1005003694238203,https://ae01.alicdn.com/kf/H89f2a519634e43e4b6a5fcd7692b86222/aesthetic-bear-anime-hoodie-women-korean-crewneck-long-sleeve-oversized-streetwear-winter-clothes-topss.jpg_220x220.jpg,"https://ae04.alicdn.com/kf/H89f2a519634e43e4b6a5fcd7692b86222.jpg,https://ae04.alicdn.com/kf/Hb1c18e74464a44ccafbafa056271b886Y.jpg,https://ae04.alicdn.com/kf/H576739c07cb74616bddd5821ac6d3bfc3.jpg,https://ae04.alicdn.com/kf/Sa7f97ea695734859b6b5372f96587c55R.jpg,https://ae04.alicdn.com/kf/S64301d65b8f6448b85c81708ee6cd673d.jpg,",https://www.aliexpress.com/item/1005003694238203.html,41.51,20.75,15.00%,,50%,https://s.click.aliexpress.com/e/_AW43E2
Hoodies & Sweatshirts,200000348,Poleron Woman Hoddies Aesthetic Pull Clothing Kawai Sweatshirts Sweet Joggging Femme Y2k Fashion Zipper Oversized Autumn Warm,1005001491218091,https://ae01.alicdn.com/kf/Hf910eb490bec4ea493ae51d7ecfded85e/Poleron-Woman-Hoddies-Aesthetic-Pull-Clothing-Kawai-Sweatshirts-Sweet-Joggging-Femme-Y2k-Fashion-Zipper-Oversized-Autumn.jpg_220x220.jpg,"https://ae04.alicdn.com/kf/Hf910eb490bec4ea493ae51d7ecfded85e.jpg,https://ae04.alicdn.com/kf/H886e47afefb34901964938b850501ad7e.jpg,https://ae04.alicdn.com/kf/Hd3d71b2319b549b2a400419ed4bd628ek.jpg,https://ae04.alicdn.com/kf/Hcb73b2706c774f22bd42954b053bb635z.jpg,https://ae04.alicdn.com/kf/H18bb9aa378994a7f90e73094c1c06808E.jpg,",https://www.aliexpress.com/item/1005001491218091.html,19.18,12.85,12.00%,,33%,https://s.click.aliexpress.com/e/_AdE3gO
Hoodies & Sweatshirts,200000348,Fluffy hoodies Women Sweatshirt cute bear ear cap Autumn Winter Warm pullover Long Sleeve outwear Fleece coat,1005003694234172,https://ae01.alicdn.com/kf/H932764330e72412eab1c760ad6a07f8bw/Fluffy-hoodies-Women-Sweatshirt-cute-bear-ear-cap-Autumn-Winter-Warm-pullover-Long-Sleeve-outwear-Fleece.jpg_220x220.jpg,"https://ae04.alicdn.com/kf/H932764330e72412eab1c760ad6a07f8bw.jpg,https://ae04.alicdn.com/kf/Sa0e70f974dc14523a3ecf7800da6ded7Y.jpg,https://ae04.alicdn.com/kf/S03c44ff5006842f9a0a96aef716316000.jpg,https://ae04.alicdn.com/kf/S092bee2a05784a0d8cf0f914d70d4dcbL.jpg,https://ae04.alicdn.com/kf/Sc8f564566d8d4b9ba4cc69938697e7d6I.jpg,",https://www.aliexpress.com/item/1005003694234172.html,35.90,17.95,15.00%,,50%,https://s.click.aliexpress.com/e/_AshBRG
Hoodies & Sweatshirts,200000348,IAMSURE Furry Patchwork Pu Leather Jackets Casual Solid Hooded Zipper Coats Women 2021 Fashion Streetwear Autumn Winter Ladies,1005003402282628,https://ae01.alicdn.com/kf/H7b68ea2731eb4fba819cdb856b7c2e650/IAMSURE-Furry-Patchwork-Pu-Leather-Jackets-Casual-Solid-Hooded-Zipper-Coats-Women-2021-Fashion-Streetwear-Autumn.jpg_220x220.jpg,"https://ae04.alicdn.com/kf/H7b68ea2731eb4fba819cdb856b7c2e650.jpg,https://ae04.alicdn.com/kf/H232d3ccb871349bfa9566647e44917399.jpg,https://ae04.alicdn.com/kf/Hddaf952381f644739d814ff8e298734aE.jpg,https://ae04.alicdn.com/kf/H7435b38362e240a292f239888bb19da7j.jpg,https://ae04.alicdn.com/kf/H584df8e333764806829fc95dd68fcee64.jpg,",https://www.aliexpress.com/item/1005003402282628.html,45.27,22.63,9.00%,,50%,https://s.click.aliexpress.com/e/_9AHSci
Hoodies & Sweatshirts,200000348,Girl Sweatshirts Teen 2020 Spring Autumn Women's Hoodies Casual Female Zip Up Loose Hooded Oversize Hoodie Women Sweatshirts,1005003694157951,https://ae01.alicdn.com/kf/Hbc9f96bf0ce94c8984317bfc82a0b6beK/Girl-Sweatshirts-Teen-2020-Spring-Autumn-Women-s-Hoodies-Casual-Female-Zip-Up-Loose-Hooded-Oversize.jpg_220x220.jpg,"https://ae04.alicdn.com/kf/Hbc9f96bf0ce94c8984317bfc82a0b6beK.jpg,https://ae04.alicdn.com/kf/H5ecf4244d6e1453a8e76dece3d06c9deB.jpg,https://ae04.alicdn.com/kf/H7af1a52ce75d4267904d0c658155dc82V.jpg,https://ae04.alicdn.com/kf/H3af08655f2d54de5bb5546b8b0add276Q.jpg,https://ae04.alicdn.com/kf/Hc6551bf275af46fb9a853bf01df7ac9er.jpg,",https://www.aliexpress.com/item/1005003694157951.html,41.00,18.45,9.00%,,55%,https://s.click.aliexpress.com/e/_9x8fAw
Hoodies & Sweatshirts,200000348,Lion Flame Hoodie Men's 3D Animal Print Unisex Sports Fashion Pullover Street Hip Hop Tiger Lion Spring and Autumn New Sweatshir,1005003691456201,https://ae01.alicdn.com/kf/Hffd64201fe4241e0b84847e7b2a00ad6S/Lion-Flame-Hoodie-Men-s-3D-Animal-Print-Unisex-Sports-Fashion-Pullover-Street-Hip-Hop-Tiger.jpg_220x220.jpg,"https://ae04.alicdn.com/kf/Hffd64201fe4241e0b84847e7b2a00ad6S.jpg,https://ae04.alicdn.com/kf/H5773f21eb44b4af29bb1b61fc7a9f7fdn.jpg,https://ae04.alicdn.com/kf/Hcf18d50ce39d4b7d9287a6982d1a6e9dJ.jpg,https://ae04.alicdn.com/kf/H6bde10e8754d4837a89c9ca80138e85cW.jpg,https://ae04.alicdn.com/kf/H1d6d472ddcc44d979db079cb796cd211F.jpg,",https://www.aliexpress.com/item/1005003691456201.html,22.00,9.02,9.00%,,59%,https://s.click.aliexpress.com/e/_ApR1MW
Hoodies & Sweatshirts,200000348,Cat Lovers Sweatshirt women Hoodies Kangaroo Dog Pet Paw Pullovers Cuddle Pouch Sweatshirt Pocket Animal Ear Hooded Dropshipping,1005003694168499,https://ae01.alicdn.com/kf/Ha6a2095c874a41b1ac93462699943f22e/Cat-Lovers-Sweatshirt-women-Hoodies-Kangaroo-Dog-Pet-Paw-Pullovers-Cuddle-Pouch-Sweatshirt-Pocket-Animal-Ear.jpg_220x220.jpg,"https://ae04.alicdn.com/kf/Ha6a2095c874a41b1ac93462699943f22e.jpg,https://ae04.alicdn.com/kf/Hceea881260d94936b1d813013bd5f47eu.jpg,https://ae04.alicdn.com/kf/H0914ea1b7d18478e8ad910eb007a4b22g.jpg,https://ae04.alicdn.com/kf/S8d34789a4b05438d8988e772a490ac986.jpg,https://ae04.alicdn.com/kf/Hd5616b5f42fe476aa878f4af7766ba0ae.jpg,",https://www.aliexpress.com/item/1005003694168499.html,44.88,22.44,15.00%,,50%,https://s.click.aliexpress.com/e/_A9dJ90
Hoodies & Sweatshirts,200000348,Zip up Tops Casual jacket Plus Size Korean Fashion Clothes Cool sweatshirt women 2021 Spring New Oversized Hoodies Zip up Tops,1005003694377002,https://ae01.alicdn.com/kf/Hdfb4c8e4686543899e31cf5a7373a4b5K/Zip-up-Tops-Casual-jacket-Plus-Size-Korean-Fashion-Clothes-Cool-sweatshirt-women-2021-Spring-New.jpg_220x220.jpg,"https://ae04.alicdn.com/kf/Hdfb4c8e4686543899e31cf5a7373a4b5K.jpg,https://ae04.alicdn.com/kf/H8b099fe5a85c463f92477740172ac62ff.jpg,https://ae04.alicdn.com/kf/He05b7d8b76e947f795f79d088b1b0cf7V.jpg,https://ae04.alicdn.com/kf/H546748f7658e47fa8caeafb238b870c4m.jpg,https://ae04.alicdn.com/kf/Hbcd848ea6656459e85fbbf0a65c0e86cU.jpg,",https://www.aliexpress.com/item/1005003694377002.html,30.32,13.64,9.00%,,55%,https://s.click.aliexpress.com/e/_9ys9lo
Hoodies & Sweatshirts,200000348,Zip Up Gothic Black  E-girl Harajuku Long Sleeve Outerwear  Hoodie y2k Women's Rhinestone Skull Casual Oversized Sweatshirt Punk,1005003694315244,https://ae01.alicdn.com/kf/Ha2a95192cdbc493a820453e15586e63bp/Zip-Up-Gothic-Black-E-girl-Harajuku-Long-Sleeve-Outerwear-Hoodie-y2k-Women-s-Rhinestone-Skull.jpg_220x220.jpg,"https://ae04.alicdn.com/kf/Ha2a95192cdbc493a820453e15586e63bp.jpg,https://ae04.alicdn.com/kf/H59f3e8194d744c7cbcb33fa8be5b3d983.jpg,https://ae04.alicdn.com/kf/H220c85c367d04925875f12d2c220b316F.jpg,https://ae04.alicdn.com/kf/H69cb657f98664e4ba05280e9848a5413w.jpg,https://ae04.alicdn.com/kf/Ha0b99dca2b8c4f29ae18804d48f000c70.jpg,",https://www.aliexpress.com/item/1005003694315244.html,29.06,13.08,9.00%,,55%,https://s.click.aliexpress.com/e/_AETzLc
Hoodies & Sweatshirts,200000348,IAMSURE Furry Basic Solid Oversized Sweatshirt Women 2021 Loose Green Fleece Hooded Long Sleeve Pullovers Fashion Streetwear,1005003392570532,https://ae01.alicdn.com/kf/H5b8c7bc8fc74473697063b23a9e16b291/IAMSURE-Furry-Basic-Solid-Oversized-Sweatshirt-Women-2021-Loose-Green-Fleece-Hooded-Long-Sleeve-Pullovers-Fashion.jpg_220x220.jpg,"https://ae04.alicdn.com/kf/H5b8c7bc8fc74473697063b23a9e16b291.jpg,https://ae04.alicdn.com/kf/H0777a9f018f7456088725fc6dd1ae44eO.jpg,https://ae04.alicdn.com/kf/Hac5c9aed76e248f3bf354b91a4b76905E.jpg,https://ae04.alicdn.com/kf/H697d900825af4f538bc5eeeb148595bfA.jpg,https://ae04.alicdn.com/kf/H0dd0fd55b23c4877ac6f66052c1bea4fp.jpg,",https://www.aliexpress.com/item/1005003392570532.html,29.96,14.98,9.00%,,50%,https://s.click.aliexpress.com/e/_AVY57y
Hoodies & Sweatshirts,200000348,New Autumn Solid color Embroidery  Long Hoodies Women Dresses Casual Pocket Long Sleeve Hooded Sweatshirts Loose Pullover Hoodie,1005003690939565,https://ae01.alicdn.com/kf/H2b5bf0ded6dc45cda7bba32ff4861477j/New-Autumn-Solid-color-Embroidery-Long-Hoodies-Women-Dresses-Casual-Pocket-Long-Sleeve-Hooded-Sweatshirts-Loose.jpg_220x220.jpg,"https://ae04.alicdn.com/kf/H2b5bf0ded6dc45cda7bba32ff4861477j.jpg,https://ae04.alicdn.com/kf/H9b328a89fcac4a0d82df7cd1abcb71b4O.jpg,https://ae04.alicdn.com/kf/H9cb89a2a2c664865b7e97e61610b82e07.jpg,https://ae04.alicdn.com/kf/Hc459e6a6bc49411185c9cac96bdcfe994.jpg,https://ae04.alicdn.com/kf/He4157359791845a2929bd30dd833ce6cE.jpg,",https://www.aliexpress.com/item/1005003690939565.html,21.59,14.03,9.00%,,35%,https://s.click.aliexpress.com/e/_AbCLt0
Hoodies & Sweatshirts,200000348,IAMSURE Basic Solid Corduroy Sweatshirts Casual Looose Pit Stripe Long Sleeve Cropped Tops Korean Style Elegant Fashion Ladies,1005003405743149,https://ae01.alicdn.com/kf/Hf7f25dd8625e4ff58bfa555e4ab1e08bV/IAMSURE-Basic-Solid-Corduroy-Sweatshirts-Casual-Looose-Pit-Stripe-Long-Sleeve-Cropped-Tops-Korean-Style-Elegant.jpg_220x220.jpg,"https://ae04.alicdn.com/kf/Hf7f25dd8625e4ff58bfa555e4ab1e08bV.jpg,https://ae04.alicdn.com/kf/Hb72765a5a9324e09b737db0525821b86G.jpg,https://ae04.alicdn.com/kf/H763c01c106f04bd48f632a8b9609c789S.jpg,https://ae04.alicdn.com/kf/Heec88c32ad6c4530b048b7a3598c41c4e.jpg,https://ae04.alicdn.com/kf/Hf74a7eeeb489419aaa627dab6841d0ebm.jpg,",https://www.aliexpress.com/item/1005003405743149.html,24.38,12.19,9.00%,,50%,https://s.click.aliexpress.com/e/_AOkh6K
Hoodies & Sweatshirts,200000348,Women Hooded Sailor-Moon Reflective Logo Fashion Cartoon Loose Long-Sleeves Female Clothing Casual Japanese Pullover Hoodies,1005001844337981,https://ae01.alicdn.com/kf/H20d25864383a468ca439f65a48fefb706/Women-Hooded-Sailor-Moon-Reflective-Logo-Fashion-Cartoon-Loose-Long-Sleeves-Female-Clothing-Casual-Japanese-Pullover.jpg_220x220.jpg,"https://ae04.alicdn.com/kf/H20d25864383a468ca439f65a48fefb706.jpg,https://ae04.alicdn.com/kf/H045e3801a1814724b6cfb1a0cf1d836b5.jpg,https://ae04.alicdn.com/kf/Hf53883ab8ad84c20bf7e7430718d06cfI.jpg,https://ae04.alicdn.com/kf/H65e389ea3051476b8643e9bcf2d06a892.jpg,https://ae04.alicdn.com/kf/H60f41c93a6c341bdba6795a211b2976bk.jpg,",https://www.aliexpress.com/item/1005001844337981.html,24.71,14.58,9.00%,,41%,https://s.click.aliexpress.com/e/_APS8Vc
Hoodies & Sweatshirts,200000348,Black White Hoodies Hip Hop Streetwear Women Kpop Harajuku Oversize Korean Fashion Pullover Couple Dooded Fleece Streetwear,1005003694243623,https://ae01.alicdn.com/kf/H84a7f996cb3e4862b6cf5b1cf7b7829c8/Black-White-Hoodies-Hip-Hop-Streetwear-Women-Kpop-Harajuku-Oversize-Korean-Fashion-Pullover-Couple-Dooded-Fleece.jpg_220x220.jpg,"https://ae04.alicdn.com/kf/H84a7f996cb3e4862b6cf5b1cf7b7829c8.jpg,https://ae04.alicdn.com/kf/H9bb1e5423805465abb239fdad2f35d95g.jpg,https://ae04.alicdn.com/kf/He905dd985f8a48f7b24bed701971c46ax.jpg,https://ae04.alicdn.com/kf/Had146057f04b409da3f436c77b169e07p.jpg,https://ae04.alicdn.com/kf/Hd270c70ee64f478c898c8fdb09e15af0j.jpg,",https://www.aliexpress.com/item/1005003694243623.html,33.38,15.02,9.00%,,55%,https://s.click.aliexpress.com/e/_9HXCYa
Hoodies & Sweatshirts,200000348,Black Goth Hoodie Streetwear Women Man Punk Gothic Pullover Oversize Hip Hop Couple Sweatshirt Spring Coat Female Goth Hoodie,1005003694140999,https://ae01.alicdn.com/kf/H6dc404224b3e4c14b78e1d80d49ce08dD/Black-Goth-Hoodie-Streetwear-Women-Man-Punk-Gothic-Pullover-Oversize-Hip-Hop-Couple-Sweatshirt-Spring-Coat.jpg_220x220.jpg,"https://ae04.alicdn.com/kf/H6dc404224b3e4c14b78e1d80d49ce08dD.jpg,https://ae04.alicdn.com/kf/Hbab7c21edeec4908a7b4d49933be313a9.jpg,https://ae04.alicdn.com/kf/Ha5c48380465e4c7180ebc42a5a503460s.jpg,https://ae04.alicdn.com/kf/H842f29edaec545d2b12da0e748b03b66Y.jpg,https://ae04.alicdn.com/kf/H27fc165598a4421298839e1114dc06bce.jpg,",https://www.aliexpress.com/item/1005003694140999.html,26.51,11.93,9.00%,,55%,https://s.click.aliexpress.com/e/_9GxFF8
Hoodies & Sweatshirts,200000348,Y2k Tops Large Letter Embroidery Cotton Hoodie Loose Women'S Zipper Plus Size Hoodie Spring And Autumn Extra Large Round Neck,1005003694340062,https://ae01.alicdn.com/kf/H18c098daef0d466d87625958cbefad43k/Y2k-Tops-Large-Letter-Embroidery-Cotton-Hoodie-Loose-Women-S-Zipper-Plus-Size-Hoodie-Spring-And.jpg_220x220.jpg,"https://ae04.alicdn.com/kf/H18c098daef0d466d87625958cbefad43k.jpg,https://ae04.alicdn.com/kf/Had2723bb514c43599e10365fb725c257N.jpg,https://ae04.alicdn.com/kf/H23a1d5dc62954814917fcde88e0ca7f9u.jpg,https://ae04.alicdn.com/kf/H30e180996cd2437c8be3e33021d40f0dv.jpg,https://ae04.alicdn.com/kf/H32e2754cc1d040068eb104a5705cc354x.jpg,",https://www.aliexpress.com/item/1005003694340062.html,20.15,9.07,9.00%,,55%,https://s.click.aliexpress.com/e/_AFnwJs
Hoodies & Sweatshirts,200000348,Darlingaga Streetwear Gothic Grunge Printed Oversized Hoodie Women Harajuku Dark Academia Hooded Pullover Y2K Sweatshirt Spring,1005003694004035,https://ae01.alicdn.com/kf/Heabb098415f14ef694fcb79e26781f5eJ/Darlingaga-Streetwear-Gothic-Grunge-Printed-Oversized-Hoodie-Women-Harajuku-Dark-Academia-Hooded-Pullover-Y2K-Sweatshirt-Spring.jpg_220x220.jpg,"https://ae04.alicdn.com/kf/Heabb098415f14ef694fcb79e26781f5eJ.jpg,https://ae04.alicdn.com/kf/H8f13cabeddc340cfae472298cfeccb3fX.jpg,https://ae04.alicdn.com/kf/Had2fd8f93d864040996ce082106faebeD.jpg,https://ae04.alicdn.com/kf/H5091fe3a95874026b7957168663d5676k.jpg,https://ae04.alicdn.com/kf/H733d886d7068416093dde9b9e3c90065v.jpg,",https://www.aliexpress.com/item/1005003694004035.html,33.98,16.31,10.00%,,52%,https://s.click.aliexpress.com/e/_A8twpk
Hoodies & Sweatshirts,200000348,Harajuku Baseball uniform Jacket Long Sleeve Zipper Sweatshirt for women Streetwear Fashion High-quality Autumn Oversized Loose,1005003158169949,https://ae01.alicdn.com/kf/H939b37b8520a4ce7bddf2390d302c748v/Harajuku-Baseball-uniform-Jacket-Long-Sleeve-Zipper-Sweatshirt-for-women-Streetwear-Fashion-High-quality-Autumn-Oversized.jpg_220x220.jpg,"https://ae04.alicdn.com/kf/H939b37b8520a4ce7bddf2390d302c748v.jpg,https://ae04.alicdn.com/kf/Hf40a04c363cc4973990f0920d46acfc68.jpg,https://ae04.alicdn.com/kf/H03542cd4899e4b1e8c3ac87295a8e5a7s.jpg,https://ae04.alicdn.com/kf/Hd4e6e007d7dd410f9f07bde739edd58aC.jpg,https://ae04.alicdn.com/kf/Heba9c588dca344b8a5e3cab360a8e19fI.jpg,",https://www.aliexpress.com/item/1005003158169949.html,24.33,14.35,9.00%,,41%,https://s.click.aliexpress.com/e/_AcOq4E
Hoodies & Sweatshirts,200000348,IAMSURE Preppy Style Knitted Sweatshirt Korean Casual Solid Turn-Down Collar Long Sleeve Pullovers Women 2021 Fashion Streetwear,1005003407204596,https://ae01.alicdn.com/kf/H455584feda1e4b4f86bbd5e609dfaabee/IAMSURE-Preppy-Style-Knitted-Sweatshirt-Korean-Casual-Solid-Turn-Down-Collar-Long-Sleeve-Pullovers-Women-2021.jpg_220x220.jpg,"https://ae04.alicdn.com/kf/H455584feda1e4b4f86bbd5e609dfaabee.jpg,https://ae04.alicdn.com/kf/H2fff5c052f4e4c09b51f1000dd2afcc9k.jpg,https://ae04.alicdn.com/kf/H2265bbeb8e084e7a91ae2e8f364eebe2n.jpg,https://ae04.alicdn.com/kf/Hdd392c5691184843a1637c36b99780c3n.jpg,https://ae04.alicdn.com/kf/H68b62cd2e1b142bbbee9616067251215a.jpg,",https://www.aliexpress.com/item/1005003407204596.html,29.99,14.99,9.00%,,50%,https://s.click.aliexpress.com/e/_AsBET0
Hoodies & Sweatshirts,200000348,2022 Long Sweatshirt Chinese Dress Spring and Autumn Women's Loose Embroidered Cheongsam Casual Tang Suit New Hooded Sweater,1005003687559663,https://ae01.alicdn.com/kf/H44cc04c30c444315aa7fac1cf00f38d0w/2022-Long-Sweatshirt-Chinese-Dress-Spring-and-Autumn-Women-s-Loose-Embroidered-Cheongsam-Casual-Tang-Suit.jpg_220x220.jpg,"https://ae04.alicdn.com/kf/H44cc04c30c444315aa7fac1cf00f38d0w.jpg,https://ae04.alicdn.com/kf/Hf555f237d0d74959a4603621fb44a25b0.jpg,https://ae04.alicdn.com/kf/H8b28bc87fd96463c984c26aac6d3f37aH.jpg,https://ae04.alicdn.com/kf/H8f6340531ebd434687ca91817472d671y.jpg,https://ae04.alicdn.com/kf/Hbc3ac0a6b70f4aa7917c75b475ddac53b.jpg,",https://www.aliexpress.com/item/1005003687559663.html,28.13,25.32,9.00%,,10%,https://s.click.aliexpress.com/e/_9AFUWO
Hoodies & Sweatshirts,200000348,Hoodies Women fur Coat sweatshirt zip-up Cute Panda Ear cap autumn winter Warm Hooded turtleneck Outerwear,1005003694230167,https://ae01.alicdn.com/kf/H5956557c446840158be626a6435d3a44t/Hoodies-Women-fur-Coat-sweatshirt-zip-up-Cute-Panda-Ear-cap-autumn-winter-Warm-Hooded-turtleneck.jpg_220x220.jpg,"https://ae04.alicdn.com/kf/H5956557c446840158be626a6435d3a44t.jpg,https://ae04.alicdn.com/kf/H26ee78fc25784a7f8a5b18ba7e2d8ded7.jpg,https://ae04.alicdn.com/kf/Hb8d71809805b4129b6ac343c5d932561E.jpg,https://ae04.alicdn.com/kf/S67ac354983d243ddb0bf6a83d4f268d6z.jpg,https://ae04.alicdn.com/kf/Sf13c1ea2dc71479382914372e5a08273j.jpg,",https://www.aliexpress.com/item/1005003694230167.html,37.03,18.51,15.00%,,50%,https://s.click.aliexpress.com/e/_ADJRyA
Hoodies & Sweatshirts,200000348,2021Y2K Aesthetic Hip Hop Tops  New Hoodies Gothic Sweatshirt Long Sleeve Zipper Hoodies Women Cotton Coat Harajuku Streetwear,1005003694147976,https://ae01.alicdn.com/kf/H6fc7cb336a47411284dd54c11488e3731/2021Y2K-Aesthetic-Hip-Hop-Tops-New-Hoodies-Gothic-Sweatshirt-Long-Sleeve-Zipper-Hoodies-Women-Cotton-Coat.jpg_220x220.jpg,"https://ae04.alicdn.com/kf/H6fc7cb336a47411284dd54c11488e3731.jpg,https://ae04.alicdn.com/kf/H8be2ee74d79a43ec867863e1796a4f0fr.jpg,https://ae04.alicdn.com/kf/Hcfd5e6377ec640f8932c6c3952078946b.jpg,https://ae04.alicdn.com/kf/Ha506bf86d463413fa3d2adab9b4c0960K.jpg,https://ae04.alicdn.com/kf/Hf896e0e210d844dc94903d897b21a5fcq.jpg,",https://www.aliexpress.com/item/1005003694147976.html,37.94,17.07,9.00%,,55%,https://s.click.aliexpress.com/e/_A79yiI
Hoodies & Sweatshirts,200000348,IAMSURE Casual Basic Solid Oversized Hoodies Preppy Style Long Sleeve Sweatshirt Women 2021 Streetwear Fashion Autumn Winter,1005003346397388,https://ae01.alicdn.com/kf/He66ff04e1b774acaafa13e1c974c353c9/IAMSURE-Casual-Basic-Solid-Oversized-Hoodies-Preppy-Style-Long-Sleeve-Sweatshirt-Women-2021-Streetwear-Fashion-Autumn.jpg_220x220.jpg,"https://ae04.alicdn.com/kf/He66ff04e1b774acaafa13e1c974c353c9.jpg,https://ae04.alicdn.com/kf/H34e1ada7b37d4e25a467eed356901b245.jpg,https://ae04.alicdn.com/kf/H8d5876e0f72c432aaaac969f3555cceeO.jpg,https://ae04.alicdn.com/kf/H6159194c41cb4f0fad3969f87c17186dO.jpg,https://ae04.alicdn.com/kf/H6d57b09f9ed941a995ea425843420778z.jpg,",https://www.aliexpress.com/item/1005003346397388.html,37.55,18.77,9.00%,,50%,https://s.click.aliexpress.com/e/_9xai2W
Hoodies & Sweatshirts,200000348,IAMSURE Furry Patchwork Sweatshirt Coats Sweet Cute Casial Turn-Down Collar Long Sleeve Zipper Jackets Women 2021 Winter Fashion,1005003402029437,https://ae01.alicdn.com/kf/Hded7aae857d54737ba9ea22257e74b34E/IAMSURE-Furry-Patchwork-Sweatshirt-Coats-Sweet-Cute-Casial-Turn-Down-Collar-Long-Sleeve-Zipper-Jackets-Women.jpg_220x220.jpg,"https://ae04.alicdn.com/kf/Hded7aae857d54737ba9ea22257e74b34E.jpg,https://ae04.alicdn.com/kf/Ha6f91bc96b9241fdad1a69cd41a35a21m.jpg,https://ae04.alicdn.com/kf/H9ffcbcca42cc43e7a6aa6feeac6b3976s.jpg,https://ae04.alicdn.com/kf/H3f2448300c854c6bac1ca851007d52ebD.jpg,https://ae04.alicdn.com/kf/H6e24f3e2a9064f20ac29c8be50997d09X.jpg,",https://www.aliexpress.com/item/1005003402029437.html,34.12,17.06,9.00%,,50%,https://s.click.aliexpress.com/e/_AOIfCA
Hoodies & Sweatshirts,200000348,HEYounGIRL Oversized Women Hoodie Spring Long Sleeve Harajuku Graphic Print Black Sweatshirt Aesthetic Gothic Hooded Pullovers,1005003693639764,https://ae01.alicdn.com/kf/H096b154598c94c9bbaf88a21522e80744/HEYounGIRL-Oversized-Women-Hoodie-Spring-Long-Sleeve-Harajuku-Graphic-Print-Black-Sweatshirt-Aesthetic-Gothic-Hooded-Pullovers.jpg_220x220.jpg,"https://ae04.alicdn.com/kf/H096b154598c94c9bbaf88a21522e80744.jpg,https://ae04.alicdn.com/kf/Hc59ddb20261d43aea9a9370deeda79866.jpg,https://ae04.alicdn.com/kf/H5ff7ce53998240eaaf9d303d60d1e337b.jpg,https://ae04.alicdn.com/kf/H3c5fe7c207734c6a97a6dc7ea5059a8bE.jpg,",https://www.aliexpress.com/item/1005003693639764.html,27.85,15.87,9.00%,,43%,https://s.click.aliexpress.com/e/_99PXEE
Hoodies & Sweatshirts,200000348,Zip-Up Large Coats Women Korean Style Hoodies Vintage Solid Brown Sleeve Oversized Hooded Sweatshirt Y2k Lady Biggorange Casual,1005003694213644,https://ae01.alicdn.com/kf/H6c454a7e2ca44d3d949165498a3a8b5cm/Zip-Up-Large-Coats-Women-Korean-Style-Hoodies-Vintage-Solid-Brown-Sleeve-Oversized-Hooded-Sweatshirt-Y2k.jpg_220x220.jpg,"https://ae04.alicdn.com/kf/H6c454a7e2ca44d3d949165498a3a8b5cm.jpg,https://ae04.alicdn.com/kf/H8ed873e836044be7bf1aa09fdf0855268.jpg,https://ae04.alicdn.com/kf/H57fe84634c7c400aaa30e5b25bf6161aO.jpg,https://ae04.alicdn.com/kf/Hb143f3c1a4f749e6bcef413aa2178b0aw.jpg,https://ae04.alicdn.com/kf/H05f19f6ae5834d6b83449b74fc23f6aeu.jpg,",https://www.aliexpress.com/item/1005003694213644.html,29.06,13.08,9.00%,,55%,https://s.click.aliexpress.com/e/_AbisHG
Hoodies & Sweatshirts,200000348,IAMSURE Butterfly Printed Oversized Hoodies Casual Loose Long Sleeve Coats Women 2021 Streetwear Jackets Sweeatshirt Fashion,1005003380209030,https://ae01.alicdn.com/kf/H1592e5a0532244bb9aa5310b33cf48c7d/IAMSURE-Butterfly-Printed-Oversized-Hoodies-Casual-Loose-Long-Sleeve-Coats-Women-2021-Streetwear-Jackets-Sweeatshirt-Fashion.jpg_220x220.jpg,"https://ae04.alicdn.com/kf/H1592e5a0532244bb9aa5310b33cf48c7d.jpg,https://ae04.alicdn.com/kf/H67146ffb1d8740e0aad29268d73afaf85.jpg,https://ae04.alicdn.com/kf/H67b7dab1e1234c7dbf5fb80590bea367C.jpg,https://ae04.alicdn.com/kf/Ha8f3c63d8a304e3cad4c8e62ce7a1503n.jpg,https://ae04.alicdn.com/kf/H92acd894a52d4cc68d515b8fb59ec4c11.jpg,",https://www.aliexpress.com/item/1005003380209030.html,34.93,17.46,9.00%,,50%,https://s.click.aliexpress.com/e/_AoZW1y
Hoodies & Sweatshirts,200000348,Cute Panda Hoodies Autumn Sweatshirt Women Pullover Female Lovely Panda Print Sweatshirts For Ladies Autumn Hoodies,1005003694135632,https://ae01.alicdn.com/kf/S676a7c37e9104af185c685511846e6dfd/Cute-Panda-Hoodies-Autumn-Sweatshirt-Women-Pullover-Female-Lovely-Panda-Print-Sweatshirts-For-Ladies-Autumn-Hoodies.jpg_220x220.jpg,"https://ae04.alicdn.com/kf/S676a7c37e9104af185c685511846e6dfd.jpg,https://ae04.alicdn.com/kf/Scf7e1ba8991a4fd29241ffcbc85abe6dd.jpg,",https://www.aliexpress.com/item/1005003694135632.html,29.17,14.58,15.00%,,50%,https://s.click.aliexpress.com/e/_ArLlBk
Hoodies & Sweatshirts,200000348,Hoodies Women Harajuku All Match Chic Trendy Leisure Hooded Plus Velvet Letter Printed Loose Pockets Womens Hoodie Korean Style,1005003694167887,https://ae01.alicdn.com/kf/Hf00a3ee543b64cddbc7dfa13fcdcf191p/Hoodies-Women-Harajuku-All-Match-Chic-Trendy-Leisure-Hooded-Plus-Velvet-Letter-Printed-Loose-Pockets-Womens.jpg_220x220.jpg,"https://ae04.alicdn.com/kf/Hf00a3ee543b64cddbc7dfa13fcdcf191p.jpg,https://ae04.alicdn.com/kf/Hde501436f68c4b73846dd1da2e4cc70b1.jpg,https://ae04.alicdn.com/kf/H5e6457e03eda4fc987091e832d28f11dp.jpg,https://ae04.alicdn.com/kf/H4206784530744298a2c953aba9e6cd82i.jpg,https://ae04.alicdn.com/kf/He3910f8dbeb54d919b20b4e47eb6c4ady.jpg,",https://www.aliexpress.com/item/1005003694167887.html,28.41,12.78,9.00%,,55%,https://s.click.aliexpress.com/e/_9wqGG2
Hoodies & Sweatshirts,200000348,Streetwear Clothes Vintage Jacket Top Punk Graphic Print Zipper Ribbon Hooded Hoodie Vintage Black Oversize Coat Sweatshirt 90s,1005003694233601,https://ae01.alicdn.com/kf/H1f94f1dc894043c086ff4668f2454c24F/Streetwear-Clothes-Vintage-Jacket-Top-Punk-Graphic-Print-Zipper-Ribbon-Hooded-Hoodie-Vintage-Black-Oversize-Coat.jpg_220x220.jpg,"https://ae04.alicdn.com/kf/H1f94f1dc894043c086ff4668f2454c24F.jpg,https://ae04.alicdn.com/kf/Hcb53968e6923460088849e42c29de6aah.jpg,https://ae04.alicdn.com/kf/H44e84d9ca3144003a518a54fc54c4dceU.jpg,https://ae04.alicdn.com/kf/Ha2d42242029745a38fd34969c4d4c5cfV.jpg,https://ae04.alicdn.com/kf/Hb3e68d46134b4cd0bc29c07dc64c3948g.jpg,",https://www.aliexpress.com/item/1005003694233601.html,37.19,16.74,9.00%,,55%,https://s.click.aliexpress.com/e/_AUysnY
Hoodies & Sweatshirts,200000348,HEYounGIRL Gothic Print Hooded Sweatshirt Dark Academia Oversized Spring Long Sleeve Hoodie Coat Aesthetic Harajuku Hoodies Y2K,1005003677218584,https://ae01.alicdn.com/kf/H5bd0577b322a40229a73a4cb72e20298p/HEYounGIRL-Gothic-Print-Hooded-Sweatshirt-Dark-Academia-Oversized-Spring-Long-Sleeve-Hoodie-Coat-Aesthetic-Harajuku-Hoodies.jpg_220x220.jpg,"https://ae04.alicdn.com/kf/H5bd0577b322a40229a73a4cb72e20298p.jpg,https://ae04.alicdn.com/kf/Hc33d7b88d67a467e9f3d1d24a24ae86ce.jpg,https://ae04.alicdn.com/kf/Hb774dffb38164a86863d01c0c574e078N.jpg,https://ae04.alicdn.com/kf/H497186e31549440abd8d343114c38e83a.jpg,https://ae04.alicdn.com/kf/Ha0c090256dac40768a1836953da88005Q.jpg,",https://www.aliexpress.com/item/1005003677218584.html,27.21,15.51,9.00%,,43%,https://s.click.aliexpress.com/e/_9Gpl9s
Hoodies & Sweatshirts,200000348,European New Hooded Sweatshirt Women's Design Contrast Fashion Tops Green Black Color Loose Casual Tees For Female  2022 Spring,1005003694130905,https://ae01.alicdn.com/kf/S96c13e1354a64675bbe094faaad898ccj/European-New-Hooded-Sweatshirt-Women-s-Design-Contrast-Fashion-Tops-Green-Black-Color-Loose-Casual-Tees.jpg_220x220.jpg,"https://ae04.alicdn.com/kf/S96c13e1354a64675bbe094faaad898ccj.jpg,https://ae04.alicdn.com/kf/S0b1f044a8b5043be85b94ded614c9065x.jpg,https://ae04.alicdn.com/kf/Hbd25ebf174c94be1b039abef65dfce4bL.jpg,https://ae04.alicdn.com/kf/H476241beb4e34cdc9a6852de031493d7u.jpg,https://ae04.alicdn.com/kf/Hd2c3bcfa2a744177bb4a262ddce00d3f1.jpg,",https://www.aliexpress.com/item/1005003694130905.html,54.07,43.26,9.00%,,20%,https://s.click.aliexpress.com/e/_Ap5TQ2
Hoodies & Sweatshirts,200000348,Round Neck Sweatshirt Unisex New Solid Color Top Can Not Afford The Ball Health Cotton Sweater All-match Fashion Couple Pulovers,1005003392692465,https://ae01.alicdn.com/kf/H6d5ba590b2594a4382127d87d8734825A/Round-Neck-Sweatshirt-Unisex-New-Solid-Color-Top-Can-Not-Afford-The-Ball-Health-Cotton-Sweater.jpg_220x220.jpg,"https://ae04.alicdn.com/kf/H6d5ba590b2594a4382127d87d8734825A.jpg,https://ae04.alicdn.com/kf/H6d9d4c5c4758481283a42e0961935f39B.jpg,https://ae04.alicdn.com/kf/H4155f97427a249d4bdea1f65ab7949462.jpg,https://ae04.alicdn.com/kf/H1e27cb93b9f24197bca75288f57316a5Y.jpg,https://ae04.alicdn.com/kf/H7cecabf0045f4ec681a99a3b9edd698bx.jpg,",https://www.aliexpress.com/item/1005003392692465.html,32.06,21.48,15.00%,,33%,https://s.click.aliexpress.com/e/_ABh1LG
Hoodies & Sweatshirts,200000348,Women's Loose Round Neck Sports Sweatshirt Cartoon Print Trendy Puppy Car Sweater Fashion Female Clothing Pulovers New Fall 2021,1005003341787301,https://ae01.alicdn.com/kf/H541c838bdfed405686d3794eb234b614M/Women-s-Loose-Round-Neck-Sports-Sweatshirt-Cartoon-Print-Trendy-Puppy-Car-Sweater-Fashion-Female-Clothing.jpg_220x220.jpg,"https://ae04.alicdn.com/kf/H541c838bdfed405686d3794eb234b614M.jpg,https://ae04.alicdn.com/kf/Hf6e319eb3bc04deabea4c8895c6c893dw.jpg,https://ae04.alicdn.com/kf/Hcaabbcd6b381420a8d42137e6ce8b33bg.jpg,https://ae04.alicdn.com/kf/H8a595fd6fd6c465fb7c31bbb5336f7a5P.jpg,https://ae04.alicdn.com/kf/H67af8f0665274a2e9c9035865d34ed0bY.jpg,",https://www.aliexpress.com/item/1005003341787301.html,27.50,17.87,15.00%,,35%,https://s.click.aliexpress.com/e/_ASHJ8A
Hoodies & Sweatshirts,200000348,Popular Hoodie Hooded Top Simple Pure Color Sweatshirt  Pullover    Sweatshirt,1005003693749282,https://ae01.alicdn.com/kf/H62590522fcf0431c843a9432b4fbc72bx/Popular-Hoodie-Hooded-Top-Simple-Pure-Color-Sweatshirt-Pullover-Sweatshirt.jpg_220x220.jpg,"https://ae04.alicdn.com/kf/H62590522fcf0431c843a9432b4fbc72bx.jpg,https://ae04.alicdn.com/kf/H6fca7035f15a49e3832bbf95a7344a93y.jpg,https://ae04.alicdn.com/kf/H42ccea8c838a46afbc4009e3ac7ab6c04.jpg,https://ae04.alicdn.com/kf/H3b5830c74d3c44a2a2986c446c3c0af8b.jpg,https://ae04.alicdn.com/kf/H647007d499ce4d68b07bbcf0abcd4c7by.jpg,",https://www.aliexpress.com/item/1005003693749282.html,3.57,2.71,9.00%,,24%,https://s.click.aliexpress.com/e/_9QRwIW
Hoodies & Sweatshirts,200000348,Genshin Impact Xiao Cool Print Hot Game Hoodies Women/Men Kangaroo Plus Size Sweatshirts Streetwear Graphic Hip Hop Fashion Tops,1005003693213345,https://ae01.alicdn.com/kf/H9557282e0c3942e7b28b3389bde52c9dO/Genshin-Impact-Xiao-Cool-Print-Hot-Game-Hoodies-Women-Men-Kangaroo-Plus-Size-Sweatshirts-Streetwear-Graphic.jpg_220x220.jpg,"https://ae04.alicdn.com/kf/H9557282e0c3942e7b28b3389bde52c9dO.jpg,https://ae04.alicdn.com/kf/H4b79d7d8738b461d9b98da969336d06aG.jpg,https://ae04.alicdn.com/kf/H977a9fc24ec14ce88b090f9143e40fd9x.jpg,https://ae04.alicdn.com/kf/Hbb3e0d8468e042ec87dae720b5ae55c6V.jpg,https://ae04.alicdn.com/kf/Ha42d99e7ae8c488e9d7b7958dd6a6895Q.jpg,",https://www.aliexpress.com/item/1005003693213345.html,26.83,13.15,12.00%,,51%,https://s.click.aliexpress.com/e/_AMe3D0
Hoodies & Sweatshirts,200000348,Spring Autumn New Women's Fashion Zipper Hoodie Lady Casual Solid Color Pullover Tops Female Loose Plus Size Long Sleeve Blouse,1005003692831067,https://ae01.alicdn.com/kf/Hd38bf5366e3e4d36ae364f98991d3614T/Spring-Autumn-New-Women-s-Fashion-Zipper-Hoodie-Lady-Casual-Solid-Color-Pullover-Tops-Female-Loose.jpg_220x220.jpg,"https://ae04.alicdn.com/kf/Hd38bf5366e3e4d36ae364f98991d3614T.jpg,https://ae04.alicdn.com/kf/H8db0dde6604447559ed435f143c96dc1m.jpg,https://ae04.alicdn.com/kf/H40acb36de3fe4a7fb59a2d7029a9ae24a.jpg,https://ae04.alicdn.com/kf/H43b0948c630b48008115415fe43e904fi.jpg,https://ae04.alicdn.com/kf/H97d3fe0fb38a48f6a07ba03a352b025ct.jpg,",https://www.aliexpress.com/item/1005003692831067.html,188.64,103.75,9.00%,,45%,https://s.click.aliexpress.com/e/_AgtcHk
Hoodies & Sweatshirts,200000348,2021 Autumn Casual Cute Baby Bear Ears Imitation Lamb Fur Loose Long Sleeve Sweater Women Warm Winter Pocket Hoodie New Fashion,1005003584296546,https://ae01.alicdn.com/kf/H91beb8c392af479a96811c8caaafc29ds/2021-Autumn-Casual-Cute-Baby-Bear-Ears-Imitation-Lamb-Fur-Loose-Long-Sleeve-Sweater-Women-Warm.jpg_220x220.jpg,"https://ae04.alicdn.com/kf/H91beb8c392af479a96811c8caaafc29ds.jpg,https://ae04.alicdn.com/kf/Hd8ce63db5ccd43c5b6a1ca4957ce6391X.jpg,https://ae04.alicdn.com/kf/H68d5b8060d08404a8276aa2a9a09ed65p.jpg,https://ae04.alicdn.com/kf/Hafe574fcb7364b7a87734ff1cee10d506.jpg,https://ae04.alicdn.com/kf/H334d39395b664551bf34a0b407f4567fg.jpg,",https://www.aliexpress.com/item/1005003584296546.html,12.44,9.58,10.00%,,23%,https://s.click.aliexpress.com/e/_AlJESA
Hoodies & Sweatshirts,200000348,Long Sleeves Pullover Hoodies Women Sailor Moon Sweartshirt Crewneck Fashion Cartoon Print Loose Female Patchwork Clothes Casual,1005003692901471,https://ae01.alicdn.com/kf/Hb91e6bbfc88544bb8d1f7b8c694f9795z/Long-Sleeves-Pullover-Hoodies-Women-Sailor-Moon-Sweartshirt-Crewneck-Fashion-Cartoon-Print-Loose-Female-Patchwork-Clothes.jpg_220x220.jpg,"https://ae04.alicdn.com/kf/Hb91e6bbfc88544bb8d1f7b8c694f9795z.jpg,https://ae04.alicdn.com/kf/H2d57ba89aa62424ebe7f8d64d815d273d.jpg,https://ae04.alicdn.com/kf/H3adea1b28aeb4824ad0876c724a21b40n.jpg,https://ae04.alicdn.com/kf/H01a3ecaae79f453b8ed37bf9ec8959e6Y.jpg,https://ae04.alicdn.com/kf/H4ed96668a3df4c32adbce9a3305e40bcu.jpg,",https://www.aliexpress.com/item/1005003692901471.html,12.95,10.36,9.00%,,20%,https://s.click.aliexpress.com/e/_ASFwoK
Hoodies & Sweatshirts,200000348,Women's lace sewn long sleeve Hoodie 2021 new Harajuku color Pullover Sweatshirt design feeling loose casual sweater,1005003688637144,https://ae01.alicdn.com/kf/Hd8e39e0ec7e847edaaceffecad504474U/Women-s-lace-sewn-long-sleeve-Hoodie-2021-new-Harajuku-color-Pullover-Sweatshirt-design-feeling-loose.jpg_220x220.jpg,"https://ae04.alicdn.com/kf/Hd8e39e0ec7e847edaaceffecad504474U.jpg,https://ae04.alicdn.com/kf/H3fe9b2e89dc7439bb5001906c2188fb2A.jpg,https://ae04.alicdn.com/kf/Hd45638f8732945628a8669475ca2204b0.jpg,https://ae04.alicdn.com/kf/H1eb5b4c671c14762bd7b0ead13f78ebdl.jpg,https://ae04.alicdn.com/kf/Hc8f58035105d4e2e8d6bf98dbe508d3aF.jpg,",https://www.aliexpress.com/item/1005003688637144.html,6.09,5.79,10.00%,,5%,https://s.click.aliexpress.com/e/_9hOfAE
Hoodies & Sweatshirts,200000348,Sweater Sweatshirt Pullover Men's and Women's Autumn and Winter 3D Printing Round Neck Casual Bottoming Shirt Fashion Plush,1005003693918312,https://ae01.alicdn.com/kf/Hf4c3e53d58274b65ab8353491cfa3b33a/Sweater-Sweatshirt-Pullover-Men-s-and-Women-s-Autumn-and-Winter-3D-Printing-Round-Neck-Casual.jpg_220x220.jpg,"https://ae04.alicdn.com/kf/Hf4c3e53d58274b65ab8353491cfa3b33a.jpg,https://ae04.alicdn.com/kf/H360ecaa3bfdc4755b2c3914fe37f00b6X.jpg,https://ae04.alicdn.com/kf/H5867c074d02a418a97ab5fe501a5c8c0J.jpg,https://ae04.alicdn.com/kf/Hbcd94a77db964e75b000afbea1b98d7fd.jpg,https://ae04.alicdn.com/kf/H7c2bc7b80a1e45a49552ae653144ab2fR.jpg,",https://www.aliexpress.com/item/1005003693918312.html,59.96,29.98,9.00%,,50%,https://s.click.aliexpress.com/e/_A548U2
Hoodies & Sweatshirts,200000348,Women's Long Sleeve Pullover Zipper Cowl Neck Tops Solid Sporty Sweatshirts,1005003691401246,https://ae01.alicdn.com/kf/H4a5d6bec556c48f1b4129b33a34404bfT/Women-s-Long-Sleeve-Pullover-Zipper-Cowl-Neck-Tops-Solid-Sporty-Sweatshirts.jpg_220x220.jpg,"https://ae04.alicdn.com/kf/H4a5d6bec556c48f1b4129b33a34404bfT.jpg,https://ae04.alicdn.com/kf/H3213b473c373427ea7ec926394d2c9b6P.jpg,https://ae04.alicdn.com/kf/Hf3fa041e9aee4dffb682c66160aad453u.jpg,https://ae04.alicdn.com/kf/H9bf2ebb8eaad47a2a21ec791f210da1aC.jpg,https://ae04.alicdn.com/kf/H35ad14a02a9e4a63b264f6ba10fdef22d.jpg,",https://www.aliexpress.com/item/1005003691401246.html,170.90,119.63,10.00%,,30%,https://s.click.aliexpress.com/e/_AZXOpy
Hoodies & Sweatshirts,200000348,2022 Autumn Street Lazy Wind Hooded Drawstring Pocket Warm Winter Pleated Shoulder Bubble Sleeves Loose Sweater with Cap Fashion,1005003589438882,https://ae01.alicdn.com/kf/Hbf85ce9a19004c318babfb5b4f7d3602o/2022-Autumn-Street-Lazy-Wind-Hooded-Drawstring-Pocket-Warm-Winter-Pleated-Shoulder-Bubble-Sleeves-Loose-Sweater.jpg_220x220.jpg,"https://ae04.alicdn.com/kf/Hbf85ce9a19004c318babfb5b4f7d3602o.jpg,https://ae04.alicdn.com/kf/H1aa4e4ceaddb45709bc8613c62940c8an.jpg,https://ae04.alicdn.com/kf/H59daabf921b8497c90d89df22ba76387X.jpg,https://ae04.alicdn.com/kf/H943f53df250b4eaa906d4576052101cfx.jpg,https://ae04.alicdn.com/kf/H4baa9eb694bb4ebbb4c5c26697634836D.jpg,",https://www.aliexpress.com/item/1005003589438882.html,7.79,6.00,10.00%,,23%,https://s.click.aliexpress.com/e/_9IuLsA
Hoodies & Sweatshirts,200000348,Cute Women Cartoon Hooded Sweatshirt Fashion Harajuku Female Japanese Style Anime Kawaii Drawstring Blue White Pink Hoodie Tops,1005003692548423,https://ae01.alicdn.com/kf/H52048f52d84d4f49873505bde9fae125Z/Cute-Women-Cartoon-Hooded-Sweatshirt-Fashion-Harajuku-Female-Japanese-Style-Anime-Kawaii-Drawstring-Blue-White-Pink.jpg_220x220.jpg,"https://ae04.alicdn.com/kf/H52048f52d84d4f49873505bde9fae125Z.jpg,https://ae04.alicdn.com/kf/H0bfe5b681e254c2e99bc44913f1dd96cE.jpg,https://ae04.alicdn.com/kf/Hc5a50f10d73948408f3d502672a82c633.jpg,https://ae04.alicdn.com/kf/H9c343575d3d54439bb0c97f9c624801d4.jpg,https://ae04.alicdn.com/kf/Hf92a70e8c4954fab906a55efc2859a2aG.jpg,",https://www.aliexpress.com/item/1005003692548423.html,9.67,7.74,9.00%,,20%,https://s.click.aliexpress.com/e/_AllleK
Hoodies & Sweatshirts,200000348,Stylish Pullover Top Shrinkable Cuffs Sweet Funny Valentines Day Sweatshirt Jumper  Tunic Top    Sweatshirt Jumper,1005003687932419,https://ae01.alicdn.com/kf/H7e8316c06c654d2da8a878991e1519ffT/Stylish-Pullover-Top-Shrinkable-Cuffs-Sweet-Funny-Valentines-Day-Sweatshirt-Jumper-Tunic-Top-Sweatshirt-Jumper.jpg_220x220.jpg,"https://ae04.alicdn.com/kf/H7e8316c06c654d2da8a878991e1519ffT.jpg,https://ae04.alicdn.com/kf/H48d00332c32948c0aa9cd2ed1a4acb60X.jpg,https://ae04.alicdn.com/kf/H387331a2974246b6804a8abe0f554801H.jpg,https://ae04.alicdn.com/kf/H4e23911e6ea64b7095941dcab7b1c812b.jpg,https://ae04.alicdn.com/kf/H6702acc475544480b41af2d3ce5ea845J.jpg,",https://www.aliexpress.com/item/1005003687932419.html,4.54,3.45,9.00%,,24%,https://s.click.aliexpress.com/e/_9ImNwK
Hoodies & Sweatshirts,200000348,Stylish Women Coat Trendy Warm Drawstring Pocket Casual Hoodie  Sweatshirt Top    Casual Hoodie,1005003690411365,https://ae01.alicdn.com/kf/Hf7fbc62506eb4080a9678c852e6296e22/Stylish-Women-Coat-Trendy-Warm-Drawstring-Pocket-Casual-Hoodie-Sweatshirt-Top-Casual-Hoodie.jpg_220x220.jpg,"https://ae04.alicdn.com/kf/Hf7fbc62506eb4080a9678c852e6296e22.jpg,https://ae04.alicdn.com/kf/H8c97a0eee7d34fb2bcb9c5e33c752d1cb.jpg,https://ae04.alicdn.com/kf/Hbab1341d84294537a59008c05e5311a7Y.jpg,https://ae04.alicdn.com/kf/Hb6c875c78b0b4035b76f744ad28508c97.jpg,https://ae04.alicdn.com/kf/Ha0208357f5204f9b901ec80eba9c1a4aO.jpg,",https://www.aliexpress.com/item/1005003690411365.html,6.01,4.57,9.00%,,24%,https://s.click.aliexpress.com/e/_Ak1nYe
Hoodies & Sweatshirts,200000348,Autumn Winter New Women's O-Neck Pullover Hoodie Female Fashion Casual Long Sleeve Stripe Tops Lady Loose Plus Size Thick Blouse,1005003692854729,https://ae01.alicdn.com/kf/H9ab964ed6dff4b3896c76e38ba5c9d2fR/Autumn-Winter-New-Women-s-O-Neck-Pullover-Hoodie-Female-Fashion-Casual-Long-Sleeve-Stripe-Tops.jpg_220x220.jpg,"https://ae04.alicdn.com/kf/H9ab964ed6dff4b3896c76e38ba5c9d2fR.jpg,https://ae04.alicdn.com/kf/H56f22ff34c1d4debaed4dd6f7212ffdbN.jpg,https://ae04.alicdn.com/kf/Hdbb71dcd2d26453b8811cdc03d19b5daj.jpg,https://ae04.alicdn.com/kf/H4a3621d7070e4e3f918201f55bf99f56T.jpg,https://ae04.alicdn.com/kf/H88dc7fa524a84712ad4b2f0694382e44t.jpg,",https://www.aliexpress.com/item/1005003692854729.html,198.77,109.32,9.00%,,45%,https://s.click.aliexpress.com/e/_A0jR5g
Hoodies & Sweatshirts,200000348,2021 Autumn Casual The Loose Sweatshirt for High Street Chic Woman Letter Long Sleeve Warm Winter Short Sweat Jacket New Fashion,1005003600348493,https://ae01.alicdn.com/kf/Hf4d8955c1adc44ab96e6c2ea31cb58a7X/2021-Autumn-Casual-The-Loose-Sweatshirt-for-High-Street-Chic-Woman-Letter-Long-Sleeve-Warm-Winter.jpg_220x220.jpg,"https://ae04.alicdn.com/kf/Hf4d8955c1adc44ab96e6c2ea31cb58a7X.jpg,https://ae04.alicdn.com/kf/Hb3dc327bdff9459985fecf4147227bdcU.jpg,https://ae04.alicdn.com/kf/H18199ed767e54c0f8cc20d672b65bea9v.jpg,https://ae04.alicdn.com/kf/Hc3b7daa5a5f748c98505da5b3ba54bb2l.jpg,https://ae04.alicdn.com/kf/Hf0ec05def5334dd5b199010e441e657eG.jpg,",https://www.aliexpress.com/item/1005003600348493.html,23.17,17.84,10.00%,,23%,https://s.click.aliexpress.com/e/_9uoq3s
Hoodies & Sweatshirts,200000348,Spring Fall New Women's Fashion Tie Dye Hoodie Female Loose Casual Pullover T-shirt Tops Lady Long Sleeve Oversized Sweatshirts,1005003693456307,https://ae01.alicdn.com/kf/H2a172cfc8d9a46778ee413abcd8627de1/Spring-Fall-New-Women-s-Fashion-Tie-Dye-Hoodie-Female-Loose-Casual-Pullover-T-shirt-Tops.jpg_220x220.jpg,"https://ae04.alicdn.com/kf/H2a172cfc8d9a46778ee413abcd8627de1.jpg,https://ae04.alicdn.com/kf/H1f01a76d117d49d9a6ff0d2f3dbb88d76.jpg,https://ae04.alicdn.com/kf/H90947e6abd2340e7a3652a0c33165ba6u.jpg,https://ae04.alicdn.com/kf/Ha9f207f7efa14ace9e3b5e716c698fdbX.jpg,https://ae04.alicdn.com/kf/H3ab85eedcf144ad7af7a8aeb592fba951.jpg,",https://www.aliexpress.com/item/1005003693456307.html,197.36,108.55,9.00%,,45%,https://s.click.aliexpress.com/e/_AmTBRc
Hoodies & Sweatshirts,200000348,Plus Size 3xl Women Fashion Leisure Hooded Sweatshirts Vintage 3D Print Female the Top 2022 Spring New Casual shirts Clothing,1005003692922570,https://ae01.alicdn.com/kf/H5d6caf7909d046cfae10d01f7c55fcc7A/Plus-Size-3xl-Women-Fashion-Leisure-Hooded-Sweatshirts-Vintage-3D-Print-Female-the-Top-2022-Spring.jpg_220x220.jpg,"https://ae04.alicdn.com/kf/H5d6caf7909d046cfae10d01f7c55fcc7A.jpg,https://ae04.alicdn.com/kf/H7eae4262b7474c859fe659bad99ad90e9.jpg,https://ae04.alicdn.com/kf/H58f9c3631acc45a396b9895cf154abddf.jpg,https://ae04.alicdn.com/kf/H6ef642bdc7ab48e4b27204461fe026c13.jpg,https://ae04.alicdn.com/kf/H76feeff2df9e40398d9c313daeb37c5cn.jpg,",https://www.aliexpress.com/item/1005003692922570.html,24.68,12.34,9.00%,,50%,https://s.click.aliexpress.com/e/_AfbDwS
Hoodies & Sweatshirts,200000348,Sunny y.j. Patchwork Contrast Casual Crop Sweatshirt Women Turn-down Collar Vintage Pullover Long Sleeve Sweats Harajuku Autumn,1005003691180757,https://ae01.alicdn.com/kf/H76d73067cce743f290b7fd4f2e9e2fcdU/Sunny-y-j-Patchwork-Contrast-Casual-Crop-Sweatshirt-Women-Turn-down-Collar-Vintage-Pullover-Long-Sleeve.jpg_220x220.jpg,"https://ae04.alicdn.com/kf/H76d73067cce743f290b7fd4f2e9e2fcdU.jpg,https://ae04.alicdn.com/kf/Hce6e2e27c2b4400882e6bae90726e2e2F.jpg,https://ae04.alicdn.com/kf/He8f9a07aa8454b93b57e185c9500a6b8o.jpg,https://ae04.alicdn.com/kf/Hf42b4e5f428c4b42ae08389d31ce15c5e.jpg,https://ae04.alicdn.com/kf/H1dafb8744e094c47a3562b3d08ba109aS.jpg,",https://www.aliexpress.com/item/1005003691180757.html,23.62,12.99,9.00%,,45%,https://s.click.aliexpress.com/e/_ABBTz0
Hoodies & Sweatshirts,200000348,Hooded sweater women's autumn thin 2021 new joker white loose Korean waffle long sleeve top,1005003626111542,https://ae01.alicdn.com/kf/H5024e448ce2a4cb0bdb8d87bd0723e9cq/Hooded-sweater-women-s-autumn-thin-2021-new-joker-white-loose-Korean-waffle-long-sleeve-top.jpg_220x220.jpg,"https://ae04.alicdn.com/kf/H5024e448ce2a4cb0bdb8d87bd0723e9cq.jpg,https://ae04.alicdn.com/kf/H2d6f277a43eb47d9a6d2f40d1d1371e1D.jpg,https://ae04.alicdn.com/kf/H0a882f03dfd846c49d3dc9382f7fe62fJ.jpg,https://ae04.alicdn.com/kf/H2c2f78b344ea4c65813a463cb72f826a9.jpg,https://ae04.alicdn.com/kf/H3b5e5f0b6048458b839d09228e4c4ae2W.jpg,",https://www.aliexpress.com/item/1005003626111542.html,41.42,14.08,9.00%,,66%,https://s.click.aliexpress.com/e/_AYx0jY
Hoodies & Sweatshirts,200000348,Fashion Brand Printed Women Sweater Letter Print Plus Size Round Neck Fleece Sweatshirt Casual Spring Autumn Comfortable Clothes,1005003337453440,https://ae01.alicdn.com/kf/Hd9d80e5546784bd79b442f7dd6fd72a5p/Fashion-Brand-Printed-Women-Sweater-Letter-Print-Plus-Size-Round-Neck-Fleece-Sweatshirt-Casual-Spring-Autumn.jpg_220x220.jpg,"https://ae04.alicdn.com/kf/Hd9d80e5546784bd79b442f7dd6fd72a5p.jpg,https://ae04.alicdn.com/kf/H8df245578c1349e2ad51638f4dc9511aM.jpg,https://ae04.alicdn.com/kf/H35303f1a1cdd400680ff11a9814e9cc7h.jpg,https://ae04.alicdn.com/kf/H45245b28959c48a288f2e073e7fe6856o.jpg,https://ae04.alicdn.com/kf/H5896aba909eb41bb9f737a6d55e5ac3c1.jpg,",https://www.aliexpress.com/item/1005003337453440.html,22.76,14.79,15.00%,,35%,https://s.click.aliexpress.com/e/_9Q5zK2
Hoodies & Sweatshirts,200000348,Stylish Student Hoodie Cute Elastic Cuff Breathable Spring Hoodie  Spring Hoodie    Women Hoodie,1005003689072716,https://ae01.alicdn.com/kf/H6158e5b78aa04f6cb377d4e3542605dey/Stylish-Student-Hoodie-Cute-Elastic-Cuff-Breathable-Spring-Hoodie-Spring-Hoodie-Women-Hoodie.jpg_220x220.jpg,"https://ae04.alicdn.com/kf/H6158e5b78aa04f6cb377d4e3542605dey.jpg,https://ae04.alicdn.com/kf/H2d9a1ffd17b545cd9461d41504d801b5J.jpg,https://ae04.alicdn.com/kf/H88c13ab21bad4ddf9d61dabca0c141d5r.jpg,https://ae04.alicdn.com/kf/Hcf7f3b43fcce44158ed51cac7a6740d4y.jpg,https://ae04.alicdn.com/kf/Hce60f44e97a1443287143669a1f223c5F.jpg,",https://www.aliexpress.com/item/1005003689072716.html,3.81,2.90,9.00%,,24%,https://s.click.aliexpress.com/e/_ALK57k
Hoodies & Sweatshirts,200000348,Chic Christmas Sweatshirt Elastic Top Festive Xmas Gnome Pattern Blouse  Pullover Sweatshirt    Casual Sweatshirt,1005003693811146,https://ae01.alicdn.com/kf/He1a9dbfb7806447d888ea83b778b0f80X/Chic-Christmas-Sweatshirt-Elastic-Top-Festive-Xmas-Gnome-Pattern-Blouse-Pullover-Sweatshirt-Casual-Sweatshirt.jpg_220x220.jpg,"https://ae04.alicdn.com/kf/He1a9dbfb7806447d888ea83b778b0f80X.jpg,https://ae04.alicdn.com/kf/Hb52cedf40ba64398a0c0ffe7b15f33f0c.jpg,https://ae04.alicdn.com/kf/H08a0132d14a84d00bef65fdee6cada92i.jpg,https://ae04.alicdn.com/kf/H9c66520dd9584af69543f4e08bd442d42.jpg,https://ae04.alicdn.com/kf/Hbb044e053b464f4f9ed3f5ee81057695o.jpg,",https://www.aliexpress.com/item/1005003693811146.html,4.54,3.45,9.00%,,24%,https://s.click.aliexpress.com/e/_9JUsHc
Hoodies & Sweatshirts,200000348,2021 Winter New Plus Size Hoodies Sweater Women Loose Pregnant Pull Female Out Letter Hooded Long-sleeve Fashion Top Sweatshirts,1005003669561882,https://ae01.alicdn.com/kf/H0958e3f21d4a4031b3c0fc840de352f5g/2021-Winter-New-Plus-Size-Hoodies-Sweater-Women-Loose-Pregnant-Pull-Female-Out-Letter-Hooded-Long.jpg_220x220.jpg,"https://ae04.alicdn.com/kf/H0958e3f21d4a4031b3c0fc840de352f5g.jpg,https://ae04.alicdn.com/kf/H9824183678f948a898e4144a07a47be3L.jpg,https://ae04.alicdn.com/kf/H8a3c778edd3f40c0b1c9adc9396677ab1.jpg,https://ae04.alicdn.com/kf/Hf3298239754c490ea09d1f1afa7226602.jpg,https://ae04.alicdn.com/kf/H2c04de796dd74dfa90f9e31246369c04o.jpg,",https://www.aliexpress.com/item/1005003669561882.html,40.35,24.21,9.00%,,40%,https://s.click.aliexpress.com/e/_A4YfBy
Hoodies & Sweatshirts,200000348,Fabulous Hoodie Young Style Animal Pullover Winter Hoodie  Women Hoodie    Winter Hoodie,1005003689117440,https://ae01.alicdn.com/kf/Hdeed15457b804866ad6a877423327e3bN/Fabulous-Hoodie-Young-Style-Animal-Pullover-Winter-Hoodie-Women-Hoodie-Winter-Hoodie.jpg_220x220.jpg,"https://ae04.alicdn.com/kf/Hdeed15457b804866ad6a877423327e3bN.jpg,https://ae04.alicdn.com/kf/Hcedfe12809094f54a92cbf951e78e537z.jpg,https://ae04.alicdn.com/kf/Hc4dc908184684cdeba0ff7ec753a5f37O.jpg,https://ae04.alicdn.com/kf/Hb3c9acb89ee04c57af2ff46a807181e2N.jpg,https://ae04.alicdn.com/kf/H7bca357758d446058ffdb320ce1df127i.jpg,",https://www.aliexpress.com/item/1005003689117440.html,3.69,2.80,9.00%,,24%,https://s.click.aliexpress.com/e/_Af9BsI
Hoodies & Sweatshirts,200000348,2021 winter women's sweatshirt new fleece thick zipper long sleeve slim fit leisure fashion warm sweater,1005003573987938,https://ae01.alicdn.com/kf/H913909ebbcfd475eb092c116e9001c00h/2021-winter-women-s-sweatshirt-new-fleece-thick-zipper-long-sleeve-slim-fit-leisure-fashion-warm.jpg_220x220.jpg,"https://ae04.alicdn.com/kf/H913909ebbcfd475eb092c116e9001c00h.jpg,https://ae04.alicdn.com/kf/H93eca8a1677c4eb4b7daa73436a84bb7L.jpg,https://ae04.alicdn.com/kf/H5a2667aead5b4db88df55981936cd174w.jpg,https://ae04.alicdn.com/kf/H805bc689102e438aa648456f143bf48fU.jpg,https://ae04.alicdn.com/kf/H28b46b79e6204c1e897ab7505e153a432.jpg,",https://www.aliexpress.com/item/1005003573987938.html,7.80,7.33,15.00%,,6%,https://s.click.aliexpress.com/e/_A97mRu
Hoodies & Sweatshirts,200000348,Women Hooded Hoodies Japan Korea Young Girl Fashion Casual Simple Long Sleeve Slim Coat School 2020 Autumn Spring Tops Clothes,1005003296642970,https://ae01.alicdn.com/kf/H7937251e3ffe4a10b942d662a4bd4731o/Women-Hooded-Hoodies-Japan-Korea-Young-Girl-Fashion-Casual-Simple-Long-Sleeve-Slim-Coat-School-2020.jpg_220x220.jpg,"https://ae04.alicdn.com/kf/H7937251e3ffe4a10b942d662a4bd4731o.jpg,https://ae04.alicdn.com/kf/Hdd3cdfc87fe543778780c9647ed48393U.jpg,https://ae04.alicdn.com/kf/Hfcdab14cb2604ecfab8270a1cc5de06ca.jpg,https://ae04.alicdn.com/kf/H46dcf330ecee4dafb0e2e33894f452fdJ.jpg,https://ae04.alicdn.com/kf/H579c43ddc7e644f4b4779672cd6d3880E.jpg,",https://www.aliexpress.com/item/1005003296642970.html,32.07,15.07,13.00%,,53%,https://s.click.aliexpress.com/e/_AdfZcI
Hoodies & Sweatshirts,200000348,Fabulous Men Hoodie Long Sleeve Energetic Quick Dry Drawstring Men Hoodie  Hoodie    Couple Hoodie,1005003689023812,https://ae01.alicdn.com/kf/Hd138903feed3427abada1d7822df7cf1u/Fabulous-Men-Hoodie-Long-Sleeve-Energetic-Quick-Dry-Drawstring-Men-Hoodie-Hoodie-Couple-Hoodie.jpg_220x220.jpg,"https://ae04.alicdn.com/kf/Hd138903feed3427abada1d7822df7cf1u.jpg,https://ae04.alicdn.com/kf/Hc381ed2161864f7e9ba9d4bec420d401E.jpg,https://ae04.alicdn.com/kf/Ha128356b88ba4648b8093b5b6a3e88f0L.jpg,https://ae04.alicdn.com/kf/Hfda701f6c4f441238e2acecbfddf2b1bo.jpg,https://ae04.alicdn.com/kf/H99292cc6ab55478cbc074afbc6a77157l.jpg,",https://www.aliexpress.com/item/1005003689023812.html,3.81,2.90,9.00%,,24%,https://s.click.aliexpress.com/e/_AXVVuQ
Hoodies & Sweatshirts,200000348,Women Crewneck Sweatshirt Spring Autumn Loose Korean Style Anime Graphic Top Female Harajuku Casual Cartoon Long Sleeve Clothes,1005003692314290,https://ae01.alicdn.com/kf/H923e1cebd9c242ebb469e3312f4bcba2J/Women-Crewneck-Sweatshirt-Spring-Autumn-Loose-Korean-Style-Anime-Graphic-Top-Female-Harajuku-Casual-Cartoon-Long.jpg_220x220.jpg,"https://ae04.alicdn.com/kf/H923e1cebd9c242ebb469e3312f4bcba2J.jpg,https://ae04.alicdn.com/kf/Had41e17a4f544eccb7c61f496f501745h.jpg,https://ae04.alicdn.com/kf/Hdd0d7cd931a3450e894492e084de0673t.jpg,https://ae04.alicdn.com/kf/H562a06c535944f72aa35bd4e1f9b1c37d.jpg,https://ae04.alicdn.com/kf/Hbce82998d5ec458ba92adcc20c7b395fW.jpg,",https://www.aliexpress.com/item/1005003692314290.html,10.76,8.61,9.00%,,20%,https://s.click.aliexpress.com/e/_9gCGj0
Hoodies & Sweatshirts,200000348,Men and Women Printed Hooded Sweatshirt Spring Autumn Winter Couple Hoodie Pullover Hoodies,1005003693354820,https://ae01.alicdn.com/kf/H44b64f48078a4ebfaca9b1104444b4de6/Men-and-Women-Printed-Hooded-Sweatshirt-Spring-Autumn-Winter-Couple-Hoodie-Pullover-Hoodies.jpg_220x220.jpg,"https://ae04.alicdn.com/kf/H44b64f48078a4ebfaca9b1104444b4de6.jpg,https://ae04.alicdn.com/kf/H22ac160f9058457098fbaef7a53527602.jpg,https://ae04.alicdn.com/kf/H323de9a9771945089d8c713df546ae64k.jpg,https://ae04.alicdn.com/kf/Hfbcae4ae3f024ef89bcf337186ab1ac0Z.jpg,https://ae04.alicdn.com/kf/H3f9f35fcbdc445909f30dee438064d2fe.jpg,",https://www.aliexpress.com/item/1005003693354820.html,15.00,7.65,10.00%,,49%,https://s.click.aliexpress.com/e/_AKAsmI
Hoodies & Sweatshirts,200000348,Women Harajuku Hooded Sweatshirt Cartoon Kawaii Funny Japanese Anime Printed Female Long Sleeves Hoodie Fashion Girl White Tops,1005003692082728,https://ae01.alicdn.com/kf/H93f9d7878c484e848a2b8afffec39e15o/Women-Harajuku-Hooded-Sweatshirt-Cartoon-Kawaii-Funny-Japanese-Anime-Printed-Female-Long-Sleeves-Hoodie-Fashion-Girl.jpg_220x220.jpg,"https://ae04.alicdn.com/kf/H93f9d7878c484e848a2b8afffec39e15o.jpg,https://ae04.alicdn.com/kf/H69066bd64969420686219b4ea8193ee3B.jpg,https://ae04.alicdn.com/kf/H35084dc243014e13873ebc4f81a1ca63l.jpg,https://ae04.alicdn.com/kf/H94df8b6adef74170a9bf1171c002b762E.jpg,https://ae04.alicdn.com/kf/Haf3406b2fd5e4495b72e8946dcd9b3fbP.jpg,",https://www.aliexpress.com/item/1005003692082728.html,10.49,8.39,9.00%,,20%,https://s.click.aliexpress.com/e/_A3yhZY
Hoodies & Sweatshirts,200000348,2021 winter new casual fashion Joker red Korean version loose lazy long-sleeved pullover jacket woman,1005003639711176,https://ae01.alicdn.com/kf/H04f9ceffc41c46c3af293870d554327fc/2021-winter-new-casual-fashion-Joker-red-Korean-version-loose-lazy-long-sleeved-pullover-jacket-woman.jpg_220x220.jpg,"https://ae04.alicdn.com/kf/H04f9ceffc41c46c3af293870d554327fc.jpg,https://ae04.alicdn.com/kf/H4d6b23f78e2e405aa87eb9d22f0a7904i.jpg,https://ae04.alicdn.com/kf/H9362e671cb054417920e16dfa8e8b5c2C.jpg,https://ae04.alicdn.com/kf/H373f091971d24fbea573fd6a641078a0r.jpg,https://ae04.alicdn.com/kf/H412e0ba9a5e748c9a48bc4535e03b70fE.jpg,",https://www.aliexpress.com/item/1005003639711176.html,47.85,17.70,9.00%,,63%,https://s.click.aliexpress.com/e/_AYpTr4
Hoodies & Sweatshirts,200000348,Anime Demon Slayer Hoodies Agatsuma Zenitsu Printed Men's Sweatshirt Harajuku Streetwear Casual Unisex Pullover Sweatshirt Men,1005003692026038,https://ae01.alicdn.com/kf/H8766f3c478a14d81ae58e05354aaaa8eI/Anime-Demon-Slayer-Hoodies-Agatsuma-Zenitsu-Printed-Men-s-Sweatshirt-Harajuku-Streetwear-Casual-Unisex-Pullover-Sweatshirt.jpg_220x220.jpg,"https://ae04.alicdn.com/kf/H8766f3c478a14d81ae58e05354aaaa8eI.jpg,https://ae04.alicdn.com/kf/H9c5541be0c194dc9a9a01981f4bd0e41D.jpg,https://ae04.alicdn.com/kf/H848a6a9e70f341b79c02bfaae2c8ef5bm.jpg,https://ae04.alicdn.com/kf/Hb3cd10f94e75437da3c666e9b1729e13A.jpg,https://ae04.alicdn.com/kf/Hb99a498985a64174bd051eeb67c55fa5t.jpg,",https://www.aliexpress.com/item/1005003692026038.html,20.98,4.20,50.00%,,80%,https://s.click.aliexpress.com/e/_9fMJrk
Hoodies & Sweatshirts,200000348,Anime Hoodie Men Streetwear Genshin Impact Pullover Hu Tao Sweatshirt Unisex Graphic Top Clothes Spring Harajuku Women,1005003693274779,https://ae01.alicdn.com/kf/H6573a0b5728d41308c075c3c131f59fdN/Anime-Hoodie-Men-Streetwear-Genshin-Impact-Pullover-Hu-Tao-Sweatshirt-Unisex-Graphic-Top-Clothes-Spring-Harajuku.jpg_220x220.jpg,"https://ae04.alicdn.com/kf/H6573a0b5728d41308c075c3c131f59fdN.jpg,https://ae04.alicdn.com/kf/H33ffe5489a6e4891ba405537f3fb86bdx.jpg,https://ae04.alicdn.com/kf/H2e6ccbab0bfe4faa826391d3a424588fa.jpg,https://ae04.alicdn.com/kf/Ha8f67f07390a4b0cbfc66fce9bd133d3z.jpg,https://ae04.alicdn.com/kf/H66363a259c604d898866e8de0bbbfea2v.jpg,",https://www.aliexpress.com/item/1005003693274779.html,28.78,14.10,12.00%,,51%,https://s.click.aliexpress.com/e/_AKcKgS
Hoodies & Sweatshirts,200000348,Women Hooded Hoodie Autumn Fashion Long Sleeve Casual Loose Coat Young Japan Korea Top Office Lady Streetwear Outwear Clothes,1005003296742203,https://ae01.alicdn.com/kf/H9dd76e26c8ab44a7aa3b9fedb517cceb0/Women-Hooded-Hoodie-Autumn-Fashion-Long-Sleeve-Casual-Loose-Coat-Young-Japan-Korea-Top-Office-Lady.jpg_220x220.jpg,"https://ae04.alicdn.com/kf/H9dd76e26c8ab44a7aa3b9fedb517cceb0.jpg,https://ae04.alicdn.com/kf/Ha2bf9c1e4c43422ab08df3fdaa6fbe570.jpg,https://ae04.alicdn.com/kf/H135a2a036b2b47a9a574b91c3ddd490a0.jpg,https://ae04.alicdn.com/kf/H02e25d4731f94c55ba991c479b1004d56.jpg,https://ae04.alicdn.com/kf/H4c03e8e717224a1797e868dd21e3a1071.jpg,",https://www.aliexpress.com/item/1005003296742203.html,29.86,14.33,13.00%,,52%,https://s.click.aliexpress.com/e/_9zZRxy
Hoodies & Sweatshirts,200000348,2021 Autumn Hooded Long Solid Color Warm Winter Women Hooded Loose Long Sleeves Pullover Thickened Sweater Female New Fashion,1005003584472347,https://ae01.alicdn.com/kf/Ha4dc7f99d53042359825cd5bf91aea68u/2021-Autumn-Hooded-Long-Solid-Color-Warm-Winter-Women-Hooded-Loose-Long-Sleeves-Pullover-Thickened-Sweater.jpg_220x220.jpg,"https://ae04.alicdn.com/kf/Ha4dc7f99d53042359825cd5bf91aea68u.jpg,https://ae04.alicdn.com/kf/Hf31ca93aeba4457791fa75cb1023d4463.jpg,https://ae04.alicdn.com/kf/H3bd68dba4d184d5289797b2fbf52e276x.jpg,https://ae04.alicdn.com/kf/H1a3eb777dc1740dc9044a8d5ad524f4e1.jpg,https://ae04.alicdn.com/kf/Hc8ca7ae02b14434d99ed669abc374d31P.jpg,",https://www.aliexpress.com/item/1005003584472347.html,14.60,11.24,10.00%,,23%,https://s.click.aliexpress.com/e/_9yQcPY
Hoodies & Sweatshirts,200000348,Pet Bag Sweatshirt Women's 2021 Autumn Winter Hoodie Cat Dog Kangaroo Large Pocket Sweatshirts Lady Casual Long Sleeve Pullover,1005003691600310,https://ae01.alicdn.com/kf/H983f61639a76439da62d74df19019c30d/Pet-Bag-Sweatshirt-Women-s-2021-Autumn-Winter-Hoodie-Cat-Dog-Kangaroo-Large-Pocket-Sweatshirts-Lady.jpg_220x220.jpg,"https://ae04.alicdn.com/kf/H983f61639a76439da62d74df19019c30d.jpg,https://ae04.alicdn.com/kf/He00509ccd3c743a2aa4a7c0c3077621dK.jpg,https://ae04.alicdn.com/kf/H0bac24c8283a4e2d9b8d9c6c91d5d3a4V.jpg,https://ae04.alicdn.com/kf/H541fa0dd72b1432f95bd3170efb55afay.jpg,https://ae04.alicdn.com/kf/Ha0b618628c514266b25f13470bddac77x.jpg,",https://www.aliexpress.com/item/1005003691600310.html,8.80,8.27,9.00%,,6%,https://s.click.aliexpress.com/e/_A32Gl4
Hoodies & Sweatshirts,200000348,Autumn Winter Women's New Striped Plush Hoodie Female Fashion Casual Long Sleeve Blouse Lady Loose Oversized O-neck Thick Tops,1005003692050400,https://ae01.alicdn.com/kf/H64b8db5ed0c14fc690ffb31a4693d0610/Autumn-Winter-Women-s-New-Striped-Plush-Hoodie-Female-Fashion-Casual-Long-Sleeve-Blouse-Lady-Loose.jpg_220x220.jpg,"https://ae04.alicdn.com/kf/H64b8db5ed0c14fc690ffb31a4693d0610.jpg,https://ae04.alicdn.com/kf/H47ceadc3ccf14cb18ae7c61152d5e85fi.jpg,https://ae04.alicdn.com/kf/H1e636a42e6124490a4dec5729e71fe2eu.jpg,https://ae04.alicdn.com/kf/Hdebe7c80d17243f391e954b8f3915eb49.jpg,https://ae04.alicdn.com/kf/H2e71526cb9f84ecca8e5b7e29d17f073g.jpg,",https://www.aliexpress.com/item/1005003692050400.html,248.56,136.71,9.00%,,45%,https://s.click.aliexpress.com/e/_AArkOm
Hoodies & Sweatshirts,200000348,Anime Cartoon Harajuku Sailor Moon Hoodies Harajuku Drawstring Long Sleeve Hooded Pullover Tops Creative Streetwear Sweatshirt,1005003692642989,https://ae01.alicdn.com/kf/Hf1bc2298667846df80b699d7f7e6a10eY/Anime-Cartoon-Harajuku-Sailor-Moon-Hoodies-Harajuku-Drawstring-Long-Sleeve-Hooded-Pullover-Tops-Creative-Streetwear-Sweatshirt.jpg_220x220.jpg,"https://ae04.alicdn.com/kf/Hf1bc2298667846df80b699d7f7e6a10eY.jpg,https://ae04.alicdn.com/kf/H57e1ef377ca04f4e9a3386ed577a1f1aD.jpg,https://ae04.alicdn.com/kf/H9aa05bc3c1554b5894af2a7397f4f54fb.jpg,https://ae04.alicdn.com/kf/H309abc2fecce42369e27f30b3fe0463fs.jpg,https://ae04.alicdn.com/kf/H1809ffccd98a4d749d7bee675f1d761df.jpg,",https://www.aliexpress.com/item/1005003692642989.html,12.22,9.78,9.00%,,20%,https://s.click.aliexpress.com/e/_AeLW1k
Hoodies & Sweatshirts,200000348,2021 New Kawaii Anime Darling In The Franxx Men Women Unisex Hoodies Sweatshirts Zero Two Hoodie Autumn Winter Harajuku Hoodie,1005003693276439,https://ae01.alicdn.com/kf/H0988875d907e4d90b2cc08ea057d5b3dp/2021-New-Kawaii-Anime-Darling-In-The-Franxx-Men-Women-Unisex-Hoodies-Sweatshirts-Zero-Two-Hoodie.jpg_220x220.jpg,"https://ae04.alicdn.com/kf/H0988875d907e4d90b2cc08ea057d5b3dp.jpg,https://ae04.alicdn.com/kf/H725b0f8eb1ec4d729bb64ec6bed6fe02J.jpg,https://ae04.alicdn.com/kf/H9c0307ad067b4a4ba793aa810fe7e3e67.jpg,https://ae04.alicdn.com/kf/H122d5c403be6483e8c8d1d7917bd071cl.jpg,https://ae04.alicdn.com/kf/H90895b51a235446782c86129735fac08L.jpg,",https://www.aliexpress.com/item/1005003693276439.html,29.98,14.69,12.00%,,51%,https://s.click.aliexpress.com/e/_A1Pyie
Hoodies & Sweatshirts,200000348,Simple Sweatshirt Solid Color Female Sweet All Match Sweatshirt  Women Sweatshirt    Women Hoodie,1005003693634719,https://ae01.alicdn.com/kf/H0eb97bda5ad945b9924075456940c647E/Simple-Sweatshirt-Solid-Color-Female-Sweet-All-Match-Sweatshirt-Women-Sweatshirt-Women-Hoodie.jpg_220x220.jpg,"https://ae04.alicdn.com/kf/H0eb97bda5ad945b9924075456940c647E.jpg,https://ae04.alicdn.com/kf/H7cb52ecd7dd242a39345c0ab04e8e17fp.jpg,https://ae04.alicdn.com/kf/Hd56ed94f40f8483699996be075888510U.jpg,https://ae04.alicdn.com/kf/H49516628b0ba4707bfb9b9496df8b0efu.jpg,https://ae04.alicdn.com/kf/H0bfd5a15df5145b48c563a365f6e10c3U.jpg,",https://www.aliexpress.com/item/1005003693634719.html,3.57,2.71,9.00%,,24%,https://s.click.aliexpress.com/e/_9giipG
